1701844970,11.329,,,
1701844980,11.372,,,
1701844990,11.484,,,
1701845000,11.525,,,
1701845020,11.539,,,
1701845030,11.449,,,
1701845040,11.341,,,
1701845050,11.297,,,
1701845060,11.244,,,
1701845070,11.195,,,
1701845080,11.149,,,
1701845090,11.128,,,
1701845110,11.089,,,
1701845120,11.114,,,
1701845130,11.088,,,
1701845140,11.044,,,
1701845150,11.032,,,
1701845160,10.996,,,
1701845170,10.967,,,
1701845180,10.931,,,
1701845190,10.912,,,
1701845200,10.89,,,
1701845220,10.87,,,
1701845230,10.847,,,
1701845240,10.838,,,
1701845250,10.825,,,
1701845260,10.814,,,
1701845270,10.806,,,
1701845280,10.785,,,
1701845290,10.772,,,
1701845300,10.755,,,
1701845310,10.732,,,
1701845320,10.717,,,
1701845330,10.695,,,
1701845340,10.691,,,
1701845360,10.681,,,
1701845370,10.678,,,
1701845380,10.667,,,
1701845390,10.667,,,
1701845400,10.646,,,
1701845410,10.636,,,
1701845420,10.609,,,
1701845430,10.588,,,
1701845440,10.559,,,
1701845450,10.542,,,
1701845460,10.518,,,
1701845470,10.498,,,
1701845480,10.48,,,
1701845490,10.464,,,
1701845500,10.437,,,
1701845510,10.424,,,
1701845520,10.41,,,
1701845530,10.399,,,
1701845540,10.393,,,
1701845560,10.387,,,
1701845570,10.384,,,
1701845580,10.379,,,
1701845590,10.381,,,
1701845600,10.377,,,
1701845610,10.378,,,
1701845620,10.374,,,
1701845630,10.373,,,
1701845640,10.371,,,
1701845650,10.37,,,
1701845660,10.369,,,
1701845670,10.368,,,
1701845680,10.368,,,
1701845690,10.369,,,
1701845700,10.368,,,
1701845710,10.367,,,
1701845720,10.368,,,
1701845730,10.369,,,
1701845740,10.367,,,
1701845750,10.368,,,
1701845760,10.363,,,
1701845770,10.364,,,
1701845780,10.361,,,
1701845790,10.362,,,
1701845800,10.362,,,
1701845810,10.365,,,
1701845820,10.364,,,
1701845840,10.364,,,
1701845850,10.363,,,
1701845860,10.366,,,
1701845870,10.366,,,
1701845880,10.366,,,
1701845890,10.367,,,
1701845900,10.367,,,
1701845910,10.367,,,
1701845920,10.364,,,
1701845930,10.365,,,
1701845940,10.363,,,
1701845950,10.366,,,
1701845960,10.366,,,
1701845970,10.361,,,
1701845980,10.362,,,
1701845990,10.359,,,
1701846000,10.362,,,
1701846010,10.364,,,
1701846020,10.367,,,
1701846030,10.368,,,
1701846040,10.369,,,
1701846050,10.365,,,
1701846060,10.366,,,
1701846070,10.364,,,
1701846080,10.363,,,
1701846090,10.363,,,
1701846110,10.362,,,
1701846120,10.363,,,
1701846130,10.362,,,
1701846140,10.363,,,
1701846150,10.362,,,
1701846160,10.363,,,
1701846170,10.361,,,
1701846180,10.364,,,
1701846190,10.364,,,
1701846200,10.367,,,
1701846210,10.368,,,
1701846220,10.366,,,
1701846230,10.365,,,
1701846240,10.361,,,
1701846250,10.363,,,
1701846260,10.363,,,
1701846270,10.365,,,
1701846280,10.363,,,
1701846290,10.365,,,
1701846300,10.399,,,
1701846310,10.374,,,
1701846320,10.375,,,
1701846330,10.372,,,
1701846340,10.372,,,
1701846350,10.372,,,
1701846360,10.372,,,
1701846370,10.362,,,
1701846380,10.357,,,
1701846400,10.356,,,
1701846410,10.356,,,
1701846420,10.358,,,
1701846430,10.356,,,
1701846440,10.361,,,
1701846450,10.36,,,
1701846460,10.362,,,
1701846470,10.36,,,
1701846480,10.358,,,
1701846490,10.358,,,
1701846500,10.354,,,
1701846510,10.357,,,
1701846520,10.358,,,
1701846530,10.359,,,
1701846540,10.363,,,
1701846550,10.364,,,
1701846560,10.361,,,
1701846570,10.363,,,
1701846580,10.362,,,
1701846590,10.358,,,
1701846600,10.358,,,
1701846610,10.357,,,
1701846620,10.357,,,
1701846630,10.358,,,
1701846640,10.359,,,
1701846650,10.358,,,
1701846660,10.36,,,
1701846670,10.358,,,
1701846680,10.357,,,
1701846700,10.357,,,
1701846710,10.357,,,
1701846720,10.357,,,
1701846730,10.357,,,
1701846740,10.359,,,
1701846750,10.359,,,
1701846760,10.36,,,
1701846770,10.359,,,
1701846780,10.36,,,
1701846790,10.359,,,
1701846800,10.359,,,
1701846810,10.362,,,
1701846820,10.364,,,
1701846830,10.363,,,
1701846840,10.364,,,
1701846850,10.365,,,
1701846860,10.361,,,
1701846870,10.363,,,
1701846880,10.362,,,
1701846890,10.363,,,
1701846900,10.361,,,
1701846910,10.363,,,
1701846920,10.363,,,
1701846930,10.364,,,
1701846940,10.362,,,
1701846960,10.361,,,
1701846970,10.359,,,
1701846980,10.369,,,
1701846990,10.365,,,
1701847000,10.362,,,
1701847010,10.366,,,
1701847020,10.362,,,
1701847030,10.365,,,
1701847040,10.366,,,
1701847050,10.371,,,
1701847060,10.37,,,
1701847070,10.373,,,
1701847080,10.372,,,
1701847090,10.373,,,
1701847100,10.372,,,
1701847110,10.37,,,
1701847120,10.37,,,
1701847130,10.368,,,
1701847140,10.37,,,
1701847150,10.371,,,
1701847160,10.375,,,
1701847170,10.371,,,
1701847180,10.373,,,
1701847190,10.371,,,
1701847200,10.371,,,
1701847210,10.37,,,
1701847220,10.37,,,
1701847230,10.37,,,
1701847250,10.369,,,
1701847260,10.373,,,
1701847270,10.373,,,
1701847280,10.371,,,
1701847290,10.369,,,
1701847300,10.366,,,
1701847310,10.366,,,
1701847320,10.365,,,
1701847330,10.365,,,
1701847340,10.362,,,
1701847350,10.365,,,
1701847360,10.364,,,
1701847370,10.368,,,
1701847380,10.366,,,
1701847390,10.367,,,
1701847400,10.363,,,
1701847410,10.368,,,
1701847420,10.366,,,
1701847430,10.368,,,
1701847440,10.364,,,
1701847450,10.363,,,
1701847460,10.366,,,
1701847470,10.365,,,
1701847480,10.366,,,
1701847490,10.365,,,
1701847500,10.366,,,
1701847510,10.364,,,
1701847520,10.364,,,
1701847540,10.363,,,
1701847550,10.363,,,
1701847560,10.362,,,
1701847570,10.361,,,
1701847580,10.363,,,
1701847590,10.361,,,
1701847600,10.363,,,
1701847610,10.361,,,
1701847620,10.363,,,
1701847630,10.362,,,
1701847640,10.364,,,
1701847650,10.364,,,
1701847660,10.364,,,
1701847670,10.365,,,
1701847680,10.362,,,
1701847690,10.363,,,
1701847700,10.361,,,
1701847710,10.362,,,
1701847720,10.359,,,
1701847730,10.362,,,
1701847740,10.363,,,
1701847750,10.367,,,
1701847760,10.366,,,
1701847770,10.366,,,
1701847780,10.365,,,
1701847790,10.365,,,
1701847800,10.364,,,
1701847810,10.362,,,
1701847820,10.364,,,
1701847840,10.363,,,
1701847850,10.365,,,
1701847860,10.366,,,
1701847870,10.371,,,
1701847880,10.368,,,
1701847890,10.371,,,
1701847900,10.369,,,
1701847910,10.369,,,
1701847920,10.369,,,
1701847930,10.367,,,
1701847940,10.37,,,
1701847950,10.369,,,
1701847960,10.366,,,
1701847970,10.366,,,
1701847980,10.366,,,
1701847990,10.367,,,
1701848000,10.365,,,
1701848010,10.366,,,
1701848020,10.364,,,
1701848030,10.367,,,
1701848040,10.362,,,
1701848050,10.365,,,
1701848060,10.364,,,
1701848070,10.366,,,
1701848080,10.364,,,
1701848100,10.367,,,
1701848110,10.364,,,
1701848120,10.363,,,
1701848130,10.365,,,
1701848140,10.363,,,
1701848150,10.365,,,
1701848160,10.365,,,
1701848170,10.376,,,
1701848180,10.364,,,
1701848190,10.367,,,
1701848200,10.363,,,
1701848210,10.367,,,
1701848220,10.365,,,
1701848230,10.36,,,
1701848240,10.358,,,
1701848250,10.356,,,
1701848260,10.365,,,
1701848270,10.358,,,
1701848280,10.366,,,
1701848290,10.366,,,
1701848300,10.369,,,
1701848310,10.366,,,
1701848320,10.368,,,
1701848330,10.367,,,
1701848340,10.366,,,
1701848350,10.368,,,
1701848360,10.364,,,
1701848370,10.367,,,
1701848390,10.366,,,
1701848400,10.366,,,
1701848410,10.364,,,
1701848420,10.369,,,
1701848430,10.366,,,
1701848440,10.368,,,
1701848450,10.367,,,
1701848460,10.371,,,
1701848470,10.374,,,
1701848480,10.37,,,
1701848490,10.374,,,
1701848500,10.37,,,
1701848510,10.372,,,
1701848520,10.375,,,
1701848530,10.375,,,
1701848540,10.376,,,
1701848550,10.373,,,
1701848560,10.363,,,
1701848570,10.362,,,
1701848580,10.367,,,
1701848590,10.367,,,
1701848600,10.37,,,
1701848610,10.368,,,
1701848620,10.368,,,
1701848630,10.367,,,
1701848640,10.37,,,
1701848650,10.371,,,
1701848660,10.37,,,
1701848680,10.369,,,
1701848690,10.366,,,
1701848700,10.367,,,
1701848710,10.366,,,
1701848720,10.37,,,
1701848730,10.369,,,
1701848740,10.371,,,
1701848750,10.372,,,
1701848760,10.373,,,
1701848770,10.371,,,
1701848780,10.376,,,
1701848790,10.376,,,
1701848800,10.376,,,
1701848810,10.373,,,
1701848820,10.374,,,
1701848830,10.374,,,
1701848840,10.373,,,
1701848850,10.373,,,
1701848860,10.372,,,
1701848870,10.374,,,
1701848880,10.373,,,
1701848890,10.374,,,
1701848900,10.375,,,
1701848910,10.372,,,
1701848920,10.374,,,
1701848940,10.37,,,
1701848950,10.373,,,
1701848960,10.371,,,
1701848970,10.376,,,
1701848980,10.372,,,
1701848990,10.374,,,
1701849000,10.371,,,
1701849010,10.373,,,
1701849020,10.373,,,
1701849030,10.375,,,
1701849040,10.376,,,
1701849050,10.37,,,
1701849060,10.373,,,
1701849070,10.371,,,
1701849080,10.376,,,
1701849090,10.372,,,
1701849100,10.376,,,
1701849110,10.372,,,
1701849120,10.377,,,
1701849130,10.375,,,
1701849140,10.375,,,
1701849150,10.377,,,
1701849160,10.376,,,
1701849170,10.377,,,
1701849180,10.375,,,
1701849190,10.38,,,
1701849200,10.375,,,
1701849220,10.377,,,
1701849230,10.373,,,
1701849240,10.373,,,
1701849250,10.377,,,
1701849260,10.377,,,
1701849270,10.377,,,
1701849280,10.377,,,
1701849290,10.38,,,
1701849300,10.379,,,
1701849310,10.385,,,
1701849320,10.382,,,
1701849330,10.383,,,
1701849340,10.379,,,
1701849350,10.378,,,
1701849360,10.377,,,
1701849370,10.378,,,
1701849380,10.381,,,
1701849390,10.381,,,
1701849400,10.381,,,
1701849410,10.378,,,
1701849420,10.382,,,
1701849430,10.379,,,
1701849440,10.386,,,
1701849450,10.386,,,
1701849460,10.385,,,
1701849470,10.388,,,
1701849480,10.391,,,
1701849500,10.405,,,
1701849510,10.414,,,
1701849520,10.422,,,
1701849530,10.416,,,
1701849540,10.413,,,
1701849550,10.405,,,
1701849560,10.401,,,
1701849570,10.391,,,
1701849580,10.389,,,
1701849590,10.387,,,
1701849600,10.382,,,
1701849610,10.385,,,
1701849620,10.382,,,
1701849630,10.383,,,
1701849640,10.38,,,
1701849650,10.38,,,
1701849660,10.381,,,
1701849670,10.38,,,
1701849680,10.379,,,
1701849690,10.38,,,
1701849700,10.378,,,
1701849710,10.375,,,
1701849720,10.377,,,
1701849730,10.375,,,
1701849740,10.377,,,
1701849750,10.376,,,
1701849760,10.378,,,
1701849780,10.375,,,
1701849790,10.379,,,
1701849800,10.376,,,
1701849810,10.375,,,
1701849820,10.373,,,
1701849830,10.374,,,
1701849840,10.375,,,
1701849850,10.372,,,
1701849860,10.373,,,
1701849870,10.371,,,
1701849880,10.374,,,
1701849890,10.373,,,
1701849900,10.376,,,
1701849910,10.38,,,
1701849920,10.381,,,
1701849930,10.381,,,
1701849940,10.38,,,
1701849950,10.381,,,
1701849960,10.375,,,
1701849970,10.378,,,
1701849980,10.379,,,
1701849990,10.382,,,
1701850000,10.375,,,
1701850010,10.381,,,
1701850030,10.375,,,
1701850040,10.377,,,
1701850050,10.38,,,
1701850060,10.377,,,
1701850070,10.379,,,
1701850080,10.378,,,
1701850090,10.381,,,
1701850100,10.381,,,
1701850110,10.381,,,
1701850120,10.378,,,
1701850130,10.38,,,
1701850140,10.378,,,
1701850150,10.378,,,
1701850160,10.377,,,
1701850170,10.38,,,
1701850180,10.38,,,
1701850190,10.376,,,
1701850200,10.376,,,
1701850210,10.376,,,
1701850220,10.379,,,
1701850230,10.377,,,
1701850240,10.378,,,
1701850250,10.378,,,
1701850260,10.376,,,
1701850270,10.374,,,
1701850280,10.37,,,
1701850290,10.373,,,
1701850300,10.374,,,
1701850320,10.375,,,
1701850330,10.376,,,
1701850340,10.379,,,
1701850350,10.377,,,
1701850360,10.379,,,
1701850370,10.377,,,
1701850380,10.382,,,
1701850390,10.383,,,
1701850400,10.382,,,
1701850410,10.382,,,
1701850420,10.382,,,
1701850430,10.386,,,
1701850440,10.385,,,
1701850450,10.393,,,
1701850460,10.387,,,
1701850470,10.389,,,
1701850480,10.39,,,
1701850490,10.385,,,
1701850500,10.38,,,
1701850510,10.378,,,
1701850520,10.376,,,
1701850530,10.373,,,
1701850540,10.371,,,
1701850550,10.37,,,
1701850560,10.367,,,
1701850570,10.368,,,
1701850580,10.37,,,
1701850600,10.369,,,
1701850610,10.368,,,
1701850620,10.361,,,
1701850630,10.359,,,
1701850640,10.36,,,
1701850650,10.36,,,
1701850660,10.361,,,
1701850670,10.362,,,
1701850680,10.36,,,
1701850690,10.358,,,
1701850700,10.366,,,
1701850710,10.362,,,
1701850720,10.365,,,
1701850730,10.364,,,
1701850740,10.363,,,
1701850750,10.366,,,
1701850760,10.366,,,
1701850770,10.37,,,
1701850780,10.368,,,
1701850790,10.37,,,
1701850800,10.37,,,
1701850810,10.372,,,
1701850820,10.37,,,
1701850830,10.371,,,
1701850840,10.371,,,
1701850860,10.372,,,
1701850870,10.371,,,
1701850880,10.368,,,
1701850890,10.372,,,
1701850900,10.369,,,
1701850910,10.372,,,
1701850920,10.372,,,
1701850930,10.374,,,
1701850940,10.374,,,
1701850950,10.373,,,
1701850960,10.371,,,
1701850970,10.368,,,
1701850980,10.372,,,
1701850990,10.367,,,
1701851000,10.371,,,
1701851010,10.373,,,
1701851020,10.373,,,
1701851030,10.374,,,
1701851040,10.377,,,
1701851050,10.376,,,
1701851060,10.374,,,
1701851070,10.373,,,
1701851080,10.369,,,
1701851090,10.371,,,
1701851100,10.368,,,
1701851110,10.372,,,
1701851120,10.37,,,
1701851130,10.372,,,
1701851150,10.373,,,
1701851160,10.375,,,
1701851170,10.372,,,
1701851180,10.372,,,
1701851190,10.37,,,
1701851200,10.371,,,
1701851210,10.37,,,
1701851220,10.37,,,
1701851230,10.372,,,
1701851240,10.373,,,
1701851250,10.375,,,
1701851260,10.372,,,
1701851270,10.374,,,
1701851280,10.374,,,
1701851290,10.376,,,
1701851300,10.383,,,
1701851310,10.318,,,
1701851320,10.318,,,
1701851330,10.308,,,
1701851340,10.312,,,
1701851350,10.305,,,
1701851360,10.247,,,
1701851370,6.614,,,
1701858580,10.411,,,
1701858590,10.709,,,
1701858600,10.928,,,
1701858610,11.067,,,
1701858630,11.199,,,
1701858640,11.307,,,
1701858650,11.422,,,
1701858660,11.496,,,
1701858670,11.558,,,
1701858680,11.534,,,
1701858690,11.523,,,
1701858710,11.46,,,
1701858720,11.435,,,
1701858730,11.373,,,
1701858740,11.315,,,
1701858750,11.286,,,
1701858760,11.238,,,
1701858770,11.198,,,
1701858790,11.174,,,
1701858800,11.153,,,
1701858810,11.105,,,
1701858820,11.092,,,
1701858830,11.048,,,
1701858840,11.036,,,
1701858850,11.004,,,
1701858860,10.994,,,
1701858870,10.979,,,
1701858890,10.967,,,
1701858900,10.948,,,
1701858910,10.923,,,
1701858920,10.92,,,
1701858930,10.886,,,
1701858940,10.875,,,
1701858950,10.85,,,
1701858960,10.849,,,
1701858970,10.838,,,
1701858980,10.829,,,
1701858990,10.829,,,
1701859010,10.824,,,
1701859020,10.813,,,
1701859030,10.799,,,
1701859040,10.796,,,
1701859050,10.772,,,
1701859060,10.768,,,
1701859070,10.739,,,
1701859080,10.742,,,
1701859090,10.729,,,
1701859100,10.747,,,
1701859110,10.752,,,
1701859120,10.733,,,
1701859130,10.724,,,
1701859140,10.709,,,
1701859160,10.7,,,
1701859170,10.676,,,
1701859180,10.669,,,
1701859190,10.652,,,
1701859200,10.637,,,
1701859210,10.614,,,
1701859220,10.609,,,
1701859230,10.589,,,
1701859240,10.598,,,
1701859250,10.59,,,
1701859260,10.572,,,
1701859270,10.565,,,
1701859280,10.539,,,
1701859290,10.531,,,
1701859300,10.524,,,
1701859310,10.509,,,
1701859320,10.443,,,
1701859330,10.471,,,
1701859350,10.418,,,
1701859360,10.406,,,
1701859370,10.399,,,
1701859380,10.389,,,
1701859390,10.389,,,
1701859400,10.384,,,
1701859410,10.381,,,
1701859420,10.381,,,
1701859430,10.382,,,
1701859440,10.381,,,
1701859450,10.38,,,
1701859460,10.379,,,
1701859470,10.375,,,
1701859480,10.374,,,
1701859490,10.373,,,
1701859500,10.371,,,
1701859510,10.378,,,
1701859520,10.376,,,
1701859530,10.378,,,
1701859540,10.376,,,
1701859550,10.376,,,
1701859560,10.378,,,
1701859570,10.377,,,
1701859580,10.375,,,
1701859590,10.375,,,
1701859600,10.374,,,
1701859620,10.373,,,
1701859630,10.369,,,
1701859640,10.371,,,
1701859650,10.371,,,
1701859660,10.369,,,
1701859670,10.371,,,
1701859680,10.371,,,
1701859690,10.372,,,
1701859700,10.371,,,
1701859710,10.371,,,
1701859720,10.37,,,
1701859730,10.369,,,
1701859740,10.366,,,
1701859750,10.369,,,
1701859760,10.371,,,
1701859770,10.371,,,
1701859780,10.371,,,
1701859790,10.372,,,
1701859800,10.371,,,
1701859810,10.369,,,
1701859820,10.368,,,
1701859830,10.366,,,
1701859840,10.365,,,
1701859850,10.365,,,
1701859860,10.366,,,
1701859870,10.366,,,
1701859890,10.366,,,
1701859900,10.365,,,
1701859910,10.365,,,
1701859920,10.37,,,
1701859930,10.371,,,
1701859940,10.375,,,
1701859950,10.375,,,
1701859960,10.378,,,
1701859970,10.375,,,
1701859980,10.378,,,
1701859990,10.374,,,
1701860000,10.376,,,
1701860010,10.376,,,
1701860020,10.375,,,
1701860030,10.376,,,
1701860040,10.372,,,
1701860050,10.372,,,
1701860060,10.371,,,
1701860070,10.372,,,
1701860080,10.371,,,
1701860090,10.371,,,
1701860100,10.37,,,
1701860110,10.37,,,
1701860120,10.372,,,
1701860130,10.369,,,
1701860140,10.369,,,
1701860150,10.364,,,
1701860170,10.365,,,
1701860180,10.365,,,
1701860190,10.366,,,
1701860200,10.367,,,
1701860210,10.369,,,
1701860220,10.37,,,
1701860230,10.371,,,
1701860240,10.37,,,
1701860250,10.368,,,
1701860260,10.367,,,
1701860270,10.366,,,
1701860280,10.365,,,
1701860290,10.362,,,
1701860300,10.364,,,
1701860310,10.364,,,
1701860320,10.367,,,
1701860330,10.366,,,
1701860340,10.366,,,
1701860350,10.366,,,
1701860360,10.367,,,
1701860370,10.366,,,
1701860380,10.37,,,
1701860390,10.368,,,
1701860400,10.365,,,
1701860410,10.368,,,
1701860420,10.37,,,
1701860430,10.37,,,
1701860440,10.371,,,
1701860460,10.375,,,
1701860470,10.377,,,
1701860480,10.378,,,
1701860490,10.382,,,
1701860500,10.384,,,
1701860510,10.387,,,
1701860520,10.386,,,
1701860530,10.39,,,
1701860540,10.388,,,
1701860550,10.389,,,
1701860560,10.386,,,
1701860570,10.387,,,
1701860580,10.385,,,
1701860590,10.384,,,
1701860600,10.387,,,
1701860610,10.384,,,
1701860620,10.385,,,
1701860630,10.384,,,
1701860640,10.387,,,
1701860650,10.385,,,
1701860660,10.388,,,
1701860670,10.388,,,
1701860680,10.393,,,
1701860690,10.392,,,
1701860700,10.392,,,
1701860710,10.391,,,
1701860720,10.393,,,
1701860740,10.393,,,
1701860750,10.391,,,
1701860760,10.391,,,
1701860770,10.389,,,
1701860780,10.394,,,
1701860790,10.39,,,
1701860800,10.395,,,
1701860810,10.392,,,
1701860820,10.396,,,
1701860830,10.4,,,
1701860840,10.398,,,
1701860850,10.4,,,
1701860860,10.398,,,
1701860870,10.398,,,
1701860880,10.398,,,
1701860890,10.399,,,
1701860900,10.397,,,
1701860910,10.399,,,
1701860920,10.397,,,
1701860930,10.399,,,
1701860940,10.398,,,
1701860950,10.398,,,
1701860960,10.41,,,
1701860980,10.397,,,
1701860990,10.405,,,
1701861000,10.402,,,
1701861010,10.412,,,
1701861020,10.412,,,
1701861030,10.415,,,
1701861040,10.406,,,
1701861050,10.388,,,
1701861060,10.395,,,
1701861070,10.395,,,
1701861080,10.393,,,
1701861090,10.389,,,
1701861100,10.392,,,
1701861110,10.387,,,
1701861120,10.393,,,
1701861130,10.389,,,
1701861140,10.392,,,
1701861150,10.389,,,
1701861160,10.387,,,
1701861170,10.385,,,
1701861180,10.381,,,
1701861190,10.38,,,
1701861200,10.38,,,
1701861210,10.382,,,
1701861220,10.381,,,
1701861230,10.382,,,
1701861250,10.377,,,
1701861260,10.379,,,
1701861270,10.375,,,
1701861280,10.373,,,
1701861290,10.375,,,
1701861300,10.371,,,
1701861310,10.374,,,
1701861320,10.374,,,
1701861330,10.377,,,
1701861340,10.378,,,
1701861350,10.38,,,
1701861360,10.378,,,
1701861370,10.384,,,
1701861380,10.378,,,
1701861390,10.382,,,
1701861400,10.38,,,
1701861410,10.381,,,
1701861420,10.381,,,
1701861430,10.38,,,
1701861440,10.383,,,
1701861450,10.386,,,
1701861460,10.389,,,
1701861470,10.384,,,
1701861480,10.385,,,
1701861490,10.382,,,
1701861500,10.384,,,
1701861510,10.386,,,
1701861530,10.382,,,
1701861540,10.387,,,
1701861550,10.384,,,
1701861560,10.382,,,
1701861570,10.385,,,
1701861580,10.385,,,
1701861590,10.383,,,
1701861600,10.386,,,
1701861610,10.381,,,
1701861620,10.382,,,
1701861630,10.388,,,
1701861640,10.383,,,
1701861650,10.383,,,
1701861660,10.378,,,
1701861670,10.379,,,
1701861680,10.379,,,
1701861690,10.381,,,
1701861700,10.379,,,
1701861710,10.382,,,
1701861720,10.383,,,
1701861730,10.387,,,
1701861740,10.387,,,
1701861750,10.388,,,
1701861760,10.388,,,
1701861770,10.385,,,
1701861780,10.385,,,
1701861790,10.382,,,
1701861810,10.383,,,
1701861820,10.382,,,
1701861830,10.387,,,
1701861840,10.388,,,
1701861850,10.39,,,
1701861860,10.394,,,
1701861870,10.389,,,
1701861880,10.391,,,
1701861890,10.384,,,
1701861900,10.388,,,
1701861910,10.384,,,
1701861920,10.389,,,
1701861930,10.383,,,
1701861940,10.389,,,
1701861950,10.386,,,
1701861960,10.39,,,
1701861970,10.392,,,
1701861980,10.388,,,
1701861990,10.394,,,
1701862000,10.394,,,
1701862010,10.396,,,
1701862020,10.391,,,
1701862030,10.396,,,
1701862040,10.387,,,
1701862060,10.387,,,
1701862070,10.387,,,
1701862080,10.388,,,
1701862090,10.386,,,
1701862100,10.386,,,
1701862110,10.387,,,
1701862120,10.387,,,
1701862130,10.391,,,
1701862140,10.389,,,
1701862150,10.391,,,
1701862160,10.387,,,
1701862170,10.384,,,
1701862180,10.381,,,
1701862190,10.382,,,
1701862200,10.381,,,
1701862210,10.378,,,
1701862220,10.38,,,
1701862230,10.38,,,
1701862240,10.381,,,
1701862250,10.381,,,
1701862260,10.384,,,
1701862270,10.38,,,
1701862280,10.387,,,
1701862290,10.384,,,
1701862300,10.384,,,
1701862310,10.383,,,
1701862320,10.382,,,
1701862340,10.385,,,
1701862350,10.383,,,
1701862360,10.386,,,
1701862370,10.384,,,
1701862380,10.386,,,
1701862390,10.384,,,
1701862400,10.39,,,
1701862410,10.388,,,
1701862420,10.39,,,
1701862430,10.389,,,
1701862440,10.386,,,
1701862450,10.388,,,
1701862460,10.386,,,
1701862470,10.389,,,
1701862480,10.387,,,
1701862490,10.392,,,
1701862500,10.39,,,
1701862510,10.394,,,
1701862520,10.394,,,
1701862530,10.393,,,
1701862540,10.393,,,
1701862550,10.388,,,
1701862560,10.391,,,
1701862570,10.391,,,
1701862580,10.393,,,
1701862590,10.389,,,
1701862610,10.393,,,
1701862620,10.388,,,
1701862630,10.392,,,
1701862640,10.387,,,
1701862650,10.388,,,
1701862660,10.387,,,
1701862670,10.382,,,
1701862680,10.382,,,
1701862690,10.38,,,
1701862700,10.38,,,
1701862710,10.379,,,
1701862720,10.385,,,
1701862730,10.381,,,
1701862740,10.383,,,
1701862750,10.383,,,
1701862760,10.384,,,
1701862770,10.384,,,
1701862780,10.383,,,
1701862790,10.389,,,
1701862800,10.389,,,
1701862810,10.389,,,
1701862820,10.388,,,
1701862830,10.391,,,
1701862840,10.39,,,
1701862860,10.394,,,
1701862870,10.391,,,
1701862880,10.389,,,
1701862890,10.387,,,
1701862900,10.387,,,
1701862910,10.387,,,
1701862920,10.384,,,
1701862930,10.389,,,
1701862940,10.388,,,
1701862950,10.393,,,
1701862960,10.387,,,
1701862970,10.393,,,
1701862980,10.389,,,
1701862990,10.389,,,
1701863000,10.389,,,
1701863010,10.392,,,
1701863020,10.392,,,
1701863030,10.39,,,
1701863040,10.395,,,
1701863050,10.391,,,
1701863060,10.392,,,
1701863070,10.387,,,
1701863080,10.392,,,
1701863090,10.387,,,
1701863100,10.39,,,
1701863110,10.391,,,
1701863130,10.393,,,
1701863140,10.396,,,
1701863150,10.398,,,
1701863160,10.403,,,
1701863170,10.405,,,
1701863180,10.408,,,
1701863190,10.395,,,
1701863200,10.395,,,
1701863210,10.391,,,
1701863220,10.39,,,
1701863230,10.387,,,
1701863240,10.387,,,
1701863250,10.385,,,
1701863260,10.381,,,
1701863270,10.383,,,
1701863280,10.382,,,
1701863290,10.385,,,
1701863300,10.38,,,
1701863310,10.384,,,
1701863320,10.377,,,
1701863330,10.377,,,
1701863340,10.375,,,
1701863350,10.373,,,
1701863360,10.377,,,
1701863370,10.372,,,
1701863380,10.373,,,
1701863390,10.376,,,
1701863410,10.375,,,
1701863420,10.371,,,
1701863430,10.375,,,
1701863440,10.372,,,
1701863450,10.37,,,
1701863460,10.369,,,
1701863470,10.373,,,
1701863480,10.373,,,
1701863490,10.371,,,
1701863500,10.372,,,
1701863510,10.373,,,
1701863520,10.374,,,
1701863530,10.373,,,
1701863540,10.373,,,
1701863550,10.371,,,
1701863560,10.37,,,
1701863570,10.371,,,
1701863580,10.368,,,
1701863590,10.371,,,
1701863600,10.367,,,
1701863610,10.371,,,
1701863620,10.37,,,
1701863630,10.372,,,
1701863640,10.369,,,
1701863650,10.373,,,
1701863660,10.37,,,
1701863670,10.375,,,
1701863680,10.373,,,
1701863700,10.373,,,
1701863710,10.373,,,
1701863720,10.37,,,
1701863730,10.373,,,
1701863740,10.371,,,
1701863750,10.373,,,
1701863760,10.371,,,
1701863770,10.376,,,
1701863780,10.373,,,
1701863790,10.375,,,
1701863800,10.374,,,
1701863810,10.374,,,
1701863820,10.372,,,
1701863830,10.373,,,
1701863840,10.375,,,
1701863850,10.376,,,
1701863860,10.374,,,
1701863870,10.373,,,
1701863880,10.374,,,
1701863890,10.372,,,
1701863900,10.372,,,
1701863910,10.372,,,
1701863920,10.371,,,
1701863930,10.371,,,
1701863940,10.369,,,
1701863960,10.373,,,
1701863970,10.369,,,
1701863980,10.372,,,
1701863990,10.371,,,
1701864010,10.375,,,
1701864020,10.382,,,
1701864030,10.381,,,
1701864040,10.383,,,
1701864050,10.383,,,
1701864070,10.379,,,
1701864080,10.376,,,
1701864090,10.379,,,
1701864100,10.381,,,
1701864110,10.385,,,
1701864130,10.39,,,
1701864140,10.39,,,
1701864150,10.389,,,
1701864160,10.39,,,
1701864170,10.388,,,
1701864180,10.391,,,
1701864190,10.389,,,
1701864200,10.391,,,
1701864210,10.39,,,
1701864230,10.392,,,
1701864240,10.389,,,
1701864250,10.393,,,
1701864260,10.39,,,
1701864270,10.388,,,
1701864280,10.389,,,
1701864290,10.396,,,
1701864300,10.419,,,
1701864310,10.404,,,
1701864320,10.348,,,
1701864330,10.345,,,
1701864340,10.354,,,
1701864350,10.347,,,
1701864360,10.331,,,
1701864370,10.344,,,
1701871600,10.633,,,
1701871610,10.881,,,
1701871620,10.972,,,
1701871630,11.037,,,
1701871640,11.112,,,
1701871650,11.228,,,
1701871670,11.346,,,
1701871680,11.473,,,
1701871690,11.588,,,
1701871700,11.702,,,
1701871710,11.729,,,
1701871720,11.656,,,
1701871740,11.587,,,
1701871750,11.544,,,
1701871760,11.452,,,
1701871770,11.392,,,
1701871780,11.346,,,
1701871790,11.33,,,
1701871800,11.287,,,
1701871820,11.253,,,
1701871830,11.23,,,
1701871840,11.191,,,
1701871850,11.166,,,
1701871860,11.129,,,
1701871870,11.109,,,
1701871880,11.085,,,
1701871890,11.071,,,
1701871900,11.045,,,
1701871920,11.036,,,
1701871930,11.013,,,
1701871940,11,,,
1701871950,10.998,,,
1701871960,10.963,,,
1701871970,10.957,,,
1701871980,10.932,,,
1701871990,10.927,,,
1701872000,10.919,,,
1701872010,10.894,,,
1701872030,10.862,,,
1701872040,10.889,,,
1701872050,10.868,,,
1701872060,10.883,,,
1701872070,10.874,,,
1701872080,10.85,,,
1701872090,10.835,,,
1701872100,10.824,,,
1701872110,10.813,,,
1701872120,10.8,,,
1701872130,10.782,,,
1701872140,10.773,,,
1701872160,10.763,,,
1701872170,10.758,,,
1701872180,10.762,,,
1701872190,10.756,,,
1701872200,10.741,,,
1701872210,10.715,,,
1701872220,10.713,,,
1701872230,10.705,,,
1701872240,10.686,,,
1701872250,10.67,,,
1701872260,10.671,,,
1701872270,10.656,,,
1701872280,10.647,,,
1701872290,10.637,,,
1701872300,10.634,,,
1701872320,10.619,,,
1701872330,10.606,,,
1701872340,10.592,,,
1701872350,10.58,,,
1701872360,10.571,,,
1701872370,10.555,,,
1701872380,10.535,,,
1701872390,10.519,,,
1701872400,10.491,,,
1701872410,10.474,,,
1701872420,10.456,,,
1701872430,10.434,,,
1701872440,10.422,,,
1701872450,10.413,,,
1701872460,10.398,,,
1701872470,10.394,,,
1701872480,10.393,,,
1701872490,10.389,,,
1701872500,10.383,,,
1701872510,10.383,,,
1701872520,10.382,,,
1701872530,10.38,,,
1701872550,10.38,,,
1701872560,10.382,,,
1701872570,10.38,,,
1701872580,10.377,,,
1701872590,10.374,,,
1701872600,10.373,,,
1701872610,10.371,,,
1701872620,10.373,,,
1701872630,10.374,,,
1701872640,10.372,,,
1701872650,10.373,,,
1701872660,10.372,,,
1701872670,10.374,,,
1701872680,10.371,,,
1701872690,10.372,,,
1701872700,10.369,,,
1701872710,10.369,,,
1701872720,10.369,,,
1701872730,10.369,,,
1701872740,10.368,,,
1701872750,10.369,,,
1701872760,10.368,,,
1701872770,10.366,,,
1701872780,10.369,,,
1701872790,10.365,,,
1701872800,10.367,,,
1701872820,10.366,,,
1701872830,10.368,,,
1701872840,10.367,,,
1701872850,10.369,,,
1701872860,10.368,,,
1701872870,10.368,,,
1701872880,10.369,,,
1701872890,10.367,,,
1701872900,10.37,,,
1701872910,10.366,,,
1701872920,10.367,,,
1701872930,10.362,,,
1701872940,10.362,,,
1701872950,10.362,,,
1701872960,10.361,,,
1701872970,10.363,,,
1701872980,10.364,,,
1701872990,10.364,,,
1701873000,10.365,,,
1701873010,10.363,,,
1701873020,10.365,,,
1701873030,10.368,,,
1701873040,10.369,,,
1701873050,10.369,,,
1701873060,10.368,,,
1701873070,10.367,,,
1701873080,10.368,,,
1701873100,10.367,,,
1701873110,10.369,,,
1701873120,10.368,,,
1701873130,10.37,,,
1701873140,10.37,,,
1701873150,10.368,,,
1701873160,10.368,,,
1701873170,10.367,,,
1701873180,10.367,,,
1701873190,10.366,,,
1701873200,10.366,,,
1701873210,10.365,,,
1701873220,10.367,,,
1701873230,10.364,,,
1701873240,10.365,,,
1701873250,10.363,,,
1701873260,10.364,,,
1701873270,10.362,,,
1701873280,10.363,,,
1701873290,10.366,,,
1701873300,10.37,,,
1701873310,10.367,,,
1701873320,10.366,,,
1701873330,10.369,,,
1701873340,10.367,,,
1701873350,10.364,,,
1701873360,10.364,,,
1701873370,10.367,,,
1701873390,10.369,,,
1701873400,10.371,,,
1701873410,10.373,,,
1701873420,10.371,,,
1701873430,10.371,,,
1701873440,10.371,,,
1701873450,10.37,,,
1701873460,10.368,,,
1701873470,10.368,,,
1701873480,10.365,,,
1701873490,10.367,,,
1701873500,10.365,,,
1701873510,10.367,,,
1701873520,10.367,,,
1701873530,10.37,,,
1701873540,10.37,,,
1701873550,10.37,,,
1701873560,10.371,,,
1701873570,10.369,,,
1701873580,10.37,,,
1701873590,10.368,,,
1701873600,10.368,,,
1701873610,10.367,,,
1701873620,10.37,,,
1701873630,10.369,,,
1701873640,10.372,,,
1701873650,10.371,,,
1701873660,10.37,,,
1701873680,10.369,,,
1701873690,10.369,,,
1701873700,10.369,,,
1701873710,10.367,,,
1701873720,10.367,,,
1701873730,10.366,,,
1701873740,10.366,,,
1701873750,10.366,,,
1701873760,10.37,,,
1701873770,10.364,,,
1701873780,10.364,,,
1701873790,10.364,,,
1701873800,10.364,,,
1701873810,10.363,,,
1701873820,10.364,,,
1701873830,10.363,,,
1701873840,10.363,,,
1701873850,10.363,,,
1701873860,10.362,,,
1701873870,10.365,,,
1701873880,10.364,,,
1701873890,10.362,,,
1701873900,10.361,,,
1701873910,10.36,,,
1701873920,10.362,,,
1701873940,10.36,,,
1701873950,10.36,,,
1701873960,10.36,,,
1701873970,10.372,,,
1701873980,10.364,,,
1701873990,10.366,,,
1701874000,10.364,,,
1701874010,10.365,,,
1701874020,10.365,,,
1701874030,10.364,,,
1701874040,10.365,,,
1701874050,10.364,,,
1701874060,10.363,,,
1701874070,10.363,,,
1701874080,10.364,,,
1701874090,10.371,,,
1701874100,10.373,,,
1701874110,10.374,,,
1701874120,10.372,,,
1701874130,10.374,,,
1701874140,10.376,,,
1701874150,10.379,,,
1701874160,10.376,,,
1701874170,10.376,,,
1701874180,10.376,,,
1701874190,10.375,,,
1701874200,10.375,,,
1701874210,10.376,,,
1701874230,10.374,,,
1701874240,10.375,,,
1701874250,10.376,,,
1701874260,10.374,,,
1701874270,10.375,,,
1701874280,10.375,,,
1701874290,10.376,,,
1701874300,10.375,,,
1701874310,10.37,,,
1701874320,10.367,,,
1701874330,10.363,,,
1701874340,10.362,,,
1701874350,10.362,,,
1701874360,10.359,,,
1701874370,10.358,,,
1701874380,10.358,,,
1701874390,10.357,,,
1701874400,10.366,,,
1701874410,10.366,,,
1701874420,10.368,,,
1701874430,10.367,,,
1701874440,10.367,,,
1701874450,10.367,,,
1701874460,10.368,,,
1701874470,10.369,,,
1701874480,10.366,,,
1701874490,10.366,,,
1701874500,10.364,,,
1701874520,10.363,,,
1701874530,10.363,,,
1701874540,10.366,,,
1701874550,10.364,,,
1701874560,10.365,,,
1701874570,10.363,,,
1701874580,10.362,,,
1701874590,10.361,,,
1701874600,10.361,,,
1701874610,10.361,,,
1701874620,10.36,,,
1701874630,10.362,,,
1701874640,10.36,,,
1701874650,10.361,,,
1701874660,10.361,,,
1701874670,10.364,,,
1701874680,10.36,,,
1701874690,10.361,,,
1701874700,10.362,,,
1701874710,10.361,,,
1701874720,10.362,,,
1701874730,10.36,,,
1701874740,10.362,,,
1701874750,10.361,,,
1701874760,10.362,,,
1701874770,10.361,,,
1701874780,10.365,,,
1701874790,10.366,,,
1701874800,10.366,,,
1701874820,10.366,,,
1701874830,10.364,,,
1701874840,10.367,,,
1701874850,10.365,,,
1701874860,10.366,,,
1701874870,10.367,,,
1701874880,10.368,,,
1701874890,10.37,,,
1701874900,10.373,,,
1701874910,10.372,,,
1701874920,10.375,,,
1701874930,10.374,,,
1701874940,10.373,,,
1701874950,10.374,,,
1701874960,10.372,,,
1701874970,10.37,,,
1701874980,10.371,,,
1701874990,10.37,,,
1701875000,10.373,,,
1701875010,10.373,,,
1701875020,10.372,,,
1701875030,10.373,,,
1701875040,10.374,,,
1701875050,10.372,,,
1701875070,10.374,,,
1701875080,10.371,,,
1701875090,10.374,,,
1701875100,10.372,,,
1701875110,10.374,,,
1701875120,10.374,,,
1701875130,10.378,,,
1701875140,10.378,,,
1701875150,10.376,,,
1701875160,10.379,,,
1701875170,10.373,,,
1701875180,10.375,,,
1701875190,10.369,,,
1701875200,10.371,,,
1701875210,10.37,,,
1701875220,10.373,,,
1701875230,10.373,,,
1701875240,10.374,,,
1701875250,10.374,,,
1701875260,10.372,,,
1701875270,10.376,,,
1701875280,10.376,,,
1701875290,10.38,,,
1701875300,10.375,,,
1701875310,10.377,,,
1701875320,10.374,,,
1701875330,10.375,,,
1701875340,10.372,,,
1701875360,10.373,,,
1701875370,10.369,,,
1701875380,10.366,,,
1701875390,10.368,,,
1701875400,10.364,,,
1701875410,10.369,,,
1701875420,10.366,,,
1701875430,10.366,,,
1701875440,10.368,,,
1701875450,10.368,,,
1701875460,10.368,,,
1701875470,10.368,,,
1701875480,10.371,,,
1701875490,10.366,,,
1701875500,10.369,,,
1701875510,10.368,,,
1701875520,10.37,,,
1701875530,10.365,,,
1701875540,10.368,,,
1701875550,10.361,,,
1701875560,10.365,,,
1701875570,10.365,,,
1701875580,10.365,,,
1701875590,10.366,,,
1701875600,10.363,,,
1701875610,10.365,,,
1701875620,10.363,,,
1701875630,10.365,,,
1701875650,10.363,,,
1701875660,10.364,,,
1701875670,10.364,,,
1701875680,10.365,,,
1701875690,10.362,,,
1701875700,10.362,,,
1701875710,10.364,,,
1701875720,10.365,,,
1701875730,10.369,,,
1701875740,10.368,,,
1701875750,10.371,,,
1701875760,10.369,,,
1701875770,10.369,,,
1701875780,10.366,,,
1701875790,10.369,,,
1701875800,10.366,,,
1701875810,10.368,,,
1701875820,10.366,,,
1701875830,10.367,,,
1701875840,10.369,,,
1701875850,10.365,,,
1701875860,10.369,,,
1701875870,10.367,,,
1701875880,10.367,,,
1701875890,10.364,,,
1701875910,10.368,,,
1701875920,10.364,,,
1701875930,10.365,,,
1701875940,10.365,,,
1701875950,10.363,,,
1701875960,10.367,,,
1701875970,10.362,,,
1701875980,10.364,,,
1701875990,10.363,,,
1701876000,10.364,,,
1701876010,10.363,,,
1701876020,10.364,,,
1701876030,10.361,,,
1701876040,10.361,,,
1701876050,10.363,,,
1701876060,10.359,,,
1701876070,10.362,,,
1701876080,10.359,,,
1701876090,10.359,,,
1701876100,10.359,,,
1701876110,10.362,,,
1701876120,10.359,,,
1701876130,10.362,,,
1701876140,10.361,,,
1701876150,10.362,,,
1701876160,10.365,,,
1701876170,10.364,,,
1701876180,10.366,,,
1701876190,10.36,,,
1701876210,10.362,,,
1701876220,10.363,,,
1701876230,10.364,,,
1701876240,10.362,,,
1701876250,10.362,,,
1701876260,10.365,,,
1701876270,10.36,,,
1701876280,10.371,,,
1701876290,10.359,,,
1701876300,10.366,,,
1701876310,10.363,,,
1701876320,10.368,,,
1701876330,10.367,,,
1701876340,10.36,,,
1701876350,10.363,,,
1701876360,10.363,,,
1701876370,10.362,,,
1701876380,10.36,,,
1701876390,10.36,,,
1701876400,10.356,,,
1701876410,10.36,,,
1701876420,10.357,,,
1701876430,10.36,,,
1701876440,10.358,,,
1701876450,10.357,,,
1701876460,10.356,,,
1701876470,10.358,,,
1701876480,10.358,,,
1701876500,10.359,,,
1701876510,10.358,,,
1701876520,10.357,,,
1701876530,10.359,,,
1701876540,10.359,,,
1701876550,10.362,,,
1701876560,10.361,,,
1701876570,10.363,,,
1701876580,10.359,,,
1701876590,10.36,,,
1701876600,10.359,,,
1701876610,10.36,,,
1701876620,10.362,,,
1701876630,10.36,,,
1701876640,10.363,,,
1701876650,10.361,,,
1701876660,10.359,,,
1701876670,10.358,,,
1701876680,10.357,,,
1701876690,10.358,,,
1701876700,10.358,,,
1701876710,10.358,,,
1701876720,10.356,,,
1701876730,10.361,,,
1701876740,10.358,,,
1701876750,10.361,,,
1701876760,10.359,,,
1701876770,10.362,,,
1701876780,10.362,,,
1701876800,10.361,,,
1701876810,10.364,,,
1701876820,10.362,,,
1701876830,10.362,,,
1701876840,10.359,,,
1701876850,10.362,,,
1701876860,10.357,,,
1701876870,10.362,,,
1701876880,10.358,,,
1701876890,10.361,,,
1701876900,10.36,,,
1701876910,10.36,,,
1701876920,10.36,,,
1701876930,10.358,,,
1701876940,10.364,,,
1701876950,10.361,,,
1701876960,10.365,,,
1701876970,10.359,,,
1701876980,10.366,,,
1701876990,10.361,,,
1701877000,10.367,,,
1701877010,10.364,,,
1701877020,10.364,,,
1701877030,10.365,,,
1701877040,10.363,,,
1701877060,10.364,,,
1701877070,10.361,,,
1701877080,10.364,,,
1701877090,10.36,,,
1701877100,10.364,,,
1701877110,10.36,,,
1701877120,10.363,,,
1701877130,10.361,,,
1701877140,10.37,,,
1701877150,10.343,,,
1701877160,10.319,,,
1701877170,10.312,,,
1701877180,10.31,,,
1701877190,10.306,,,
1701877200,10.313,,,
1701877210,6.015,,,
1701884420,10.356,,,
1701884430,10.438,,,
1701884440,10.384,,,
1701884450,10.373,,,
1701884460,10.365,,,
1701884470,10.359,,,
1701884490,10.361,,,
1701884500,10.36,,,
1701884510,10.357,,,
1701884520,10.356,,,
1701884530,10.355,,,
1701884540,10.351,,,
1701884550,10.353,,,
1701884560,10.35,,,
1701884570,10.351,,,
1701884580,10.349,,,
1701884590,10.348,,,
1701884600,10.349,,,
1701884610,10.349,,,
1701884620,10.348,,,
1701884630,10.35,,,
1701884640,10.35,,,
1701884650,10.349,,,
1701884660,10.35,,,
1701884670,10.35,,,
1701884680,10.35,,,
1701884690,10.349,,,
1701884700,10.35,,,
1701884710,10.35,,,
1701884720,10.351,,,
1701884730,10.348,,,
1701884740,10.351,,,
1701884750,10.348,,,
1701884760,10.347,,,
1701884770,10.345,,,
1701884790,10.346,,,
1701884800,10.345,,,
1701884810,10.347,,,
1701884820,10.347,,,
1701884830,10.348,,,
1701884840,10.346,,,
1701884850,10.346,,,
1701884860,10.345,,,
1701884870,10.347,,,
1701884880,10.347,,,
1701884890,10.346,,,
1701884900,10.347,,,
1701884910,10.347,,,
1701884920,10.343,,,
1701884930,10.344,,,
1701884940,10.344,,,
1701884950,10.346,,,
1701884960,10.345,,,
1701884970,10.344,,,
1701884980,10.345,,,
1701884990,10.343,,,
1701885000,10.344,,,
1701885010,10.343,,,
1701885020,10.342,,,
1701885030,10.344,,,
1701885040,10.344,,,
1701885050,10.345,,,
1701885070,10.347,,,
1701885080,10.347,,,
1701885090,10.347,,,
1701885100,10.345,,,
1701885110,10.347,,,
1701885120,10.349,,,
1701885130,10.35,,,
1701885140,10.348,,,
1701885150,10.348,,,
1701885160,10.348,,,
1701885170,10.346,,,
1701885180,10.346,,,
1701885190,10.344,,,
1701885200,10.345,,,
1701885210,10.348,,,
1701885220,10.347,,,
1701885230,10.347,,,
1701885240,10.348,,,
1701885250,10.348,,,
1701885260,10.35,,,
1701885270,10.353,,,
1701885280,10.352,,,
1701885290,10.352,,,
1701885300,10.352,,,
1701885310,10.352,,,
1701885320,10.351,,,
1701885330,10.35,,,
1701885340,10.353,,,
1701885350,10.354,,,
1701885360,10.352,,,
1701885380,10.352,,,
1701885390,10.35,,,
1701885400,10.35,,,
1701885410,10.347,,,
1701885420,10.346,,,
1701885430,10.345,,,
1701885440,10.346,,,
1701885450,10.345,,,
1701885460,10.346,,,
1701885470,10.349,,,
1701885480,10.349,,,
1701885490,10.349,,,
1701885500,10.349,,,
1701885510,10.349,,,
1701885520,10.349,,,
1701885530,10.352,,,
1701885540,10.352,,,
1701885550,10.353,,,
1701885560,10.352,,,
1701885570,10.351,,,
1701885580,10.35,,,
1701885590,10.352,,,
1701885600,10.35,,,
1701885610,10.353,,,
1701885620,10.352,,,
1701885630,10.355,,,
1701885640,10.355,,,
1701885650,10.357,,,
1701885660,10.355,,,
1701885680,10.355,,,
1701885690,10.354,,,
1701885700,10.355,,,
1701885710,10.354,,,
1701885720,10.353,,,
1701885730,10.353,,,
1701885740,10.353,,,
1701885750,10.354,,,
1701885760,10.354,,,
1701885770,10.355,,,
1701885780,10.356,,,
1701885790,10.354,,,
1701885800,10.353,,,
1701885810,10.353,,,
1701885820,10.352,,,
1701885830,10.353,,,
1701885840,10.353,,,
1701885850,10.353,,,
1701885860,10.352,,,
1701885870,10.352,,,
1701885880,10.35,,,
1701885890,10.351,,,
1701885900,10.349,,,
1701885910,10.351,,,
1701885920,10.347,,,
1701885930,10.348,,,
1701885950,10.345,,,
1701885960,10.346,,,
1701885970,10.347,,,
1701885980,10.35,,,
1701885990,10.351,,,
1701886000,10.352,,,
1701886010,10.352,,,
1701886020,10.351,,,
1701886030,10.35,,,
1701886040,10.35,,,
1701886050,10.347,,,
1701886060,10.348,,,
1701886070,10.345,,,
1701886080,10.346,,,
1701886090,10.346,,,
1701886100,10.347,,,
1701886110,10.344,,,
1701886120,10.344,,,
1701886130,10.343,,,
1701886140,10.343,,,
1701886150,10.344,,,
1701886160,10.345,,,
1701886170,10.346,,,
1701886180,10.35,,,
1701886190,10.349,,,
1701886200,10.348,,,
1701886210,10.35,,,
1701886220,10.348,,,
1701886230,10.35,,,
1701886240,10.349,,,
1701886260,10.35,,,
1701886270,10.35,,,
1701886280,10.351,,,
1701886290,10.349,,,
1701886300,10.349,,,
1701886310,10.348,,,
1701886320,10.344,,,
1701886330,10.345,,,
1701886340,10.346,,,
1701886350,10.344,,,
1701886360,10.344,,,
1701886370,10.345,,,
1701886380,10.346,,,
1701886390,10.347,,,
1701886400,10.348,,,
1701886410,10.346,,,
1701886420,10.347,,,
1701886430,10.347,,,
1701886440,10.347,,,
1701886450,10.348,,,
1701886460,10.349,,,
1701886470,10.349,,,
1701886480,10.35,,,
1701886490,10.35,,,
1701886500,10.352,,,
1701886510,10.353,,,
1701886520,10.352,,,
1701886530,10.35,,,
1701886540,10.351,,,
1701886550,10.352,,,
1701886570,10.352,,,
1701886580,10.351,,,
1701886590,10.35,,,
1701886600,10.35,,,
1701886610,10.347,,,
1701886620,10.346,,,
1701886630,10.347,,,
1701886640,10.348,,,
1701886650,10.349,,,
1701886660,10.347,,,
1701886670,10.35,,,
1701886680,10.35,,,
1701886690,10.352,,,
1701886700,10.361,,,
1701886710,10.357,,,
1701886720,10.356,,,
1701886730,10.356,,,
1701886740,10.357,,,
1701886750,10.356,,,
1701886760,10.354,,,
1701886770,10.353,,,
1701886780,10.352,,,
1701886790,10.35,,,
1701886800,10.349,,,
1701886810,10.353,,,
1701886820,10.354,,,
1701886840,10.353,,,
1701886850,10.352,,,
1701886860,10.353,,,
1701886870,10.352,,,
1701886880,10.354,,,
1701886890,10.353,,,
1701886900,10.352,,,
1701886910,10.352,,,
1701886920,10.354,,,
1701886930,10.352,,,
1701886940,10.354,,,
1701886950,10.353,,,
1701886960,10.354,,,
1701886970,10.353,,,
1701886980,10.353,,,
1701886990,10.352,,,
1701887000,10.354,,,
1701887010,10.353,,,
1701887020,10.352,,,
1701887030,10.354,,,
1701887040,10.354,,,
1701887050,10.355,,,
1701887060,10.355,,,
1701887070,10.354,,,
1701887080,10.353,,,
1701887090,10.353,,,
1701887100,10.352,,,
1701887110,10.353,,,
1701887120,10.352,,,
1701887140,10.352,,,
1701887150,10.352,,,
1701887160,10.349,,,
1701887170,10.349,,,
1701887180,10.349,,,
1701887190,10.347,,,
1701887200,10.349,,,
1701887210,10.348,,,
1701887220,10.348,,,
1701887230,10.349,,,
1701887240,10.35,,,
1701887250,10.35,,,
1701887260,10.35,,,
1701887270,10.35,,,
1701887280,10.349,,,
1701887290,10.349,,,
1701887300,10.345,,,
1701887310,10.345,,,
1701887320,10.345,,,
1701887330,10.345,,,
1701887340,10.345,,,
1701887350,10.346,,,
1701887360,10.345,,,
1701887370,10.346,,,
1701887380,10.346,,,
1701887390,10.346,,,
1701887400,10.349,,,
1701887410,10.35,,,
1701887420,10.352,,,
1701887430,10.352,,,
1701887450,10.353,,,
1701887460,10.352,,,
1701887470,10.352,,,
1701887480,10.351,,,
1701887490,10.352,,,
1701887500,10.353,,,
1701887510,10.351,,,
1701887520,10.351,,,
1701887530,10.351,,,
1701887540,10.351,,,
1701887550,10.353,,,
1701887560,10.351,,,
1701887570,10.352,,,
1701887580,10.35,,,
1701887590,10.352,,,
1701887600,10.351,,,
1701887610,10.352,,,
1701887620,10.351,,,
1701887630,10.351,,,
1701887640,10.352,,,
1701887650,10.352,,,
1701887660,10.353,,,
1701887670,10.352,,,
1701887680,10.355,,,
1701887690,10.353,,,
1701887700,10.355,,,
1701887710,10.352,,,
1701887720,10.352,,,
1701887730,10.35,,,
1701887750,10.353,,,
1701887760,10.354,,,
1701887770,10.355,,,
1701887780,10.355,,,
1701887790,10.354,,,
1701887800,10.354,,,
1701887810,10.353,,,
1701887820,10.354,,,
1701887830,10.352,,,
1701887840,10.354,,,
1701887850,10.352,,,
1701887860,10.352,,,
1701887870,10.351,,,
1701887880,10.353,,,
1701887890,10.354,,,
1701887900,10.354,,,
1701887910,10.355,,,
1701887920,10.354,,,
1701887930,10.354,,,
1701887940,10.352,,,
1701887950,10.354,,,
1701887960,10.353,,,
1701887970,10.354,,,
1701887980,10.356,,,
1701887990,10.355,,,
1701888000,10.357,,,
1701888020,10.356,,,
1701888030,10.355,,,
1701888040,10.355,,,
1701888050,10.357,,,
1701888060,10.354,,,
1701888070,10.354,,,
1701888080,10.355,,,
1701888090,10.356,,,
1701888100,10.356,,,
1701888110,10.356,,,
1701888120,10.355,,,
1701888130,10.354,,,
1701888140,10.355,,,
1701888150,10.354,,,
1701888160,10.356,,,
1701888170,10.355,,,
1701888180,10.354,,,
1701888190,10.355,,,
1701888200,10.356,,,
1701888210,10.354,,,
1701888220,10.352,,,
1701888230,10.353,,,
1701888240,10.352,,,
1701888250,10.354,,,
1701888260,10.354,,,
1701888270,10.355,,,
1701888280,10.354,,,
1701888290,10.356,,,
1701888300,10.353,,,
1701888320,10.356,,,
1701888330,10.354,,,
1701888340,10.354,,,
1701888350,10.356,,,
1701888360,10.355,,,
1701888370,10.355,,,
1701888380,10.354,,,
1701888390,10.355,,,
1701888400,10.355,,,
1701888410,10.355,,,
1701888420,10.355,,,
1701888430,10.356,,,
1701888440,10.356,,,
1701888450,10.353,,,
1701888460,10.356,,,
1701888470,10.354,,,
1701888480,10.356,,,
1701888490,10.355,,,
1701888500,10.354,,,
1701888510,10.353,,,
1701888520,10.351,,,
1701888530,10.35,,,
1701888540,10.348,,,
1701888550,10.349,,,
1701888560,10.348,,,
1701888570,10.348,,,