,result,table,_start,_stop,date,Value (psi),field,_measurement,wellname
,,0,2022-09-07T17:58:14.409051915Z,2022-09-07T23:58:14.409051915Z,2022-09-07T17:59:00Z,180.4937317073171,Tubing Pressure,sensors,102
,,0,2022-09-07T17:58:14.409051915Z,2022-09-07T23:58:14.409051915Z,2022-09-07T18:00:00Z,177.2201481481481,Tubing Pressure,sensors,102
,,0,2022-09-07T17:58:14.409051915Z,2022-09-07T23:58:14.409051915Z,2022-09-07T18:01:00Z,176.62338596491222,Tubing Pressure,sensors,102
,,0,2022-09-07T17:58:14.409051915Z,2022-09-07T23:58:14.409051915Z,2022-09-07T18:02:00Z,178.10343396226418,Tubing Pressure,sensors,102
,,0,2022-09-07T17:58:14.409051915Z,2022-09-07T23:58:14.409051915Z,2022-09-07T18:03:00Z,176.36279629629624,Tubing Pressure,sensors,102
,,0,2022-09-07T17:58:14.409051915Z,2022-09-07T23:58:14.409051915Z,2022-09-07T18:04:00Z,176.28992592592593,Tubing Pressure,sensors,102
,,0,2022-09-07T17:58:14.409051915Z,2022-09-07T23:58:14.409051915Z,2022-09-07T18:05:00Z,229.40989285714278,Tubing Pressure,sensors,102
,,0,2022-09-07T17:58:14.409051915Z,2022-09-07T23:58:14.409051915Z,2022-09-07T18:06:00Z,269.8929074074074,Tubing Pressure,sensors,102
,,0,2022-09-07T17:58:14.409051915Z,2022-09-07T23:58:14.409051915Z,2022-09-07T18:07:00Z,178.23820754716982,Tubing Pressure,sensors,102
,,0,2022-09-07T17:58:14.409051915Z,2022-09-07T23:58:14.409051915Z,2022-09-07T18:08:00Z,171.24540740740747,Tubing Pressure,sensors,102
,,0,2022-09-07T17:58:14.409051915Z,2022-09-07T23:58:14.409051915Z,2022-09-07T18:09:00Z,172.4853333333334,Tubing Pressure,sensors,102
,,0,2022-09-07T17:58:14.409051915Z,2022-09-07T23:58:14.409051915Z,2022-09-07T18:10:00Z,171.04223076923074,Tubing Pressure,sensors,102
,,0,2022-09-07T17:58:14.409051915Z,2022-09-07T23:58:14.409051915Z,2022-09-07T18:11:00Z,172.54688888888884,Tubing Pressure,sensors,102
,,0,2022-09-07T17:58:14.409051915Z,2022-09-07T23:58:14.409051915Z,2022-09-07T18:12:00Z,169.98635185185177,Tubing Pressure,sensors,102
,,0,2022-09-07T17:58:14.409051915Z,2022-09-07T23:58:14.409051915Z,2022-09-07T18:13:00Z,166.84649122807014,Tubing Pressure,sensors,102
,,0,2022-09-07T17:58:14.409051915Z,2022-09-07T23:58:14.409051915Z,2022-09-07T18:14:00Z,165.8469245283019,Tubing Pressure,sensors,102
,,0,2022-09-07T17:58:14.409051915Z,2022-09-07T23:58:14.409051915Z,2022-09-07T18:15:00Z,164.91362962962964,Tubing Pressure,sensors,102
,,0,2022-09-07T17:58:14.409051915Z,2022-09-07T23:58:14.409051915Z,2022-09-07T18:16:00Z,163.82568518518516,Tubing Pressure,sensors,102
,,0,2022-09-07T17:58:14.409051915Z,2022-09-07T23:58:14.409051915Z,2022-09-07T18:17:00Z,162.39217857142856,Tubing Pressure,sensors,102
,,0,2022-09-07T17:58:14.409051915Z,2022-09-07T23:58:14.409051915Z,2022-09-07T18:18:00Z,161.40235185185188,Tubing Pressure,sensors,102
,,0,2022-09-07T17:58:14.409051915Z,2022-09-07T23:58:14.409051915Z,2022-09-07T18:19:00Z,160.8247777777778,Tubing Pressure,sensors,102
,,0,2022-09-07T17:58:14.409051915Z,2022-09-07T23:58:14.409051915Z,2022-09-07T18:20:00Z,160.0640188679245,Tubing Pressure,sensors,102
,,0,2022-09-07T17:58:14.409051915Z,2022-09-07T23:58:14.409051915Z,2022-09-07T18:21:00Z,159.1705964912281,Tubing Pressure,sensors,102
,,0,2022-09-07T17:58:14.409051915Z,2022-09-07T23:58:14.409051915Z,2022-09-07T18:22:00Z,159.13333333333335,Tubing Pressure,sensors,102
,,0,2022-09-07T17:58:14.409051915Z,2022-09-07T23:58:14.409051915Z,2022-09-07T18:23:00Z,160.62529629629628,Tubing Pressure,sensors,102
,,0,2022-09-07T17:58:14.409051915Z,2022-09-07T23:58:14.409051915Z,2022-09-07T18:24:00Z,165.5964339622641,Tubing Pressure,sensors,102
,,0,2022-09-07T17:58:14.409051915Z,2022-09-07T23:58:14.409051915Z,2022-09-07T18:25:00Z,169.2081754385965,Tubing Pressure,sensors,102
,,0,2022-09-07T17:58:14.409051915Z,2022-09-07T23:58:14.409051915Z,2022-09-07T18:26:00Z,177.4015849056604,Tubing Pressure,sensors,102
,,0,2022-09-07T17:58:14.409051915Z,2022-09-07T23:58:14.409051915Z,2022-09-07T18:27:00Z,181.77362264150946,Tubing Pressure,sensors,102
,,0,2022-09-07T17:58:14.409051915Z,2022-09-07T23:58:14.409051915Z,2022-09-07T18:28:00Z,186.40305555555557,Tubing Pressure,sensors,102
,,0,2022-09-07T17:58:14.409051915Z,2022-09-07T23:58:14.409051915Z,2022-09-07T18:29:00Z,198.81392982456137,Tubing Pressure,sensors,102
,,0,2022-09-07T17:58:14.409051915Z,2022-09-07T23:58:14.409051915Z,2022-09-07T18:30:00Z,200.0116226415094,Tubing Pressure,sensors,102
,,0,2022-09-07T17:58:14.409051915Z,2022-09-07T23:58:14.409051915Z,2022-09-07T18:31:00Z,207.23692592592585,Tubing Pressure,sensors,102
,,0,2022-09-07T17:58:14.409051915Z,2022-09-07T23:58:14.409051915Z,2022-09-07T18:32:00Z,214.83129629629622,Tubing Pressure,sensors,102
,,0,2022-09-07T17:58:14.409051915Z,2022-09-07T23:58:14.409051915Z,2022-09-07T18:33:00Z,234.53466071428574,Tubing Pressure,sensors,102
,,0,2022-09-07T17:58:14.409051915Z,2022-09-07T23:58:14.409051915Z,2022-09-07T18:34:00Z,280.67644444444437,Tubing Pressure,sensors,102
,,0,2022-09-07T17:58:14.409051915Z,2022-09-07T23:58:14.409051915Z,2022-09-07T18:35:00Z,361.8192037037035,Tubing Pressure,sensors,102
,,0,2022-09-07T17:58:14.409051915Z,2022-09-07T23:58:14.409051915Z,2022-09-07T18:36:00Z,265.10501886792446,Tubing Pressure,sensors,102
,,0,2022-09-07T17:58:14.409051915Z,2022-09-07T23:58:14.409051915Z,2022-09-07T18:37:00Z,228.2443035714285,Tubing Pressure,sensors,102
,,0,2022-09-07T17:58:14.409051915Z,2022-09-07T23:58:14.409051915Z,2022-09-07T18:38:00Z,206.98435185185178,Tubing Pressure,sensors,102
,,0,2022-09-07T17:58:14.409051915Z,2022-09-07T23:58:14.409051915Z,2022-09-07T18:39:00Z,195.05537037037044,Tubing Pressure,sensors,102
,,0,2022-09-07T17:58:14.409051915Z,2022-09-07T23:58:14.409051915Z,2022-09-07T18:40:00Z,187.23860377358494,Tubing Pressure,sensors,102
,,0,2022-09-07T17:58:14.409051915Z,2022-09-07T23:58:14.409051915Z,2022-09-07T18:41:00Z,181.8886363636363,Tubing Pressure,sensors,102
,,0,2022-09-07T17:58:14.409051915Z,2022-09-07T23:58:14.409051915Z,2022-09-07T18:42:00Z,178.09379629629632,Tubing Pressure,sensors,102
,,0,2022-09-07T17:58:14.409051915Z,2022-09-07T23:58:14.409051915Z,2022-09-07T18:43:00Z,175.2420185185185,Tubing Pressure,sensors,102
,,0,2022-09-07T17:58:14.409051915Z,2022-09-07T23:58:14.409051915Z,2022-09-07T18:44:00Z,172.8662962962962,Tubing Pressure,sensors,102
,,0,2022-09-07T17:58:14.409051915Z,2022-09-07T23:58:14.409051915Z,2022-09-07T18:45:00Z,170.96167272727268,Tubing Pressure,sensors,102
,,0,2022-09-07T17:58:14.409051915Z,2022-09-07T23:58:14.409051915Z,2022-09-07T18:46:00Z,184.45045454545462,Tubing Pressure,sensors,102
,,0,2022-09-07T17:58:14.409051915Z,2022-09-07T23:58:14.409051915Z,2022-09-07T18:47:00Z,198.3495370370371,Tubing Pressure,sensors,102
,,0,2022-09-07T17:58:14.409051915Z,2022-09-07T23:58:14.409051915Z,2022-09-07T18:48:00Z,199.8799444444445,Tubing Pressure,sensors,102
,,0,2022-09-07T17:58:14.409051915Z,2022-09-07T23:58:14.409051915Z,2022-09-07T18:49:00Z,202.06927777777776,Tubing Pressure,sensors,102
,,0,2022-09-07T17:58:14.409051915Z,2022-09-07T23:58:14.409051915Z,2022-09-07T18:50:00Z,200.59748214285722,Tubing Pressure,sensors,102
,,0,2022-09-07T17:58:14.409051915Z,2022-09-07T23:58:14.409051915Z,2022-09-07T18:51:00Z,199.94100000000012,Tubing Pressure,sensors,102
,,0,2022-09-07T17:58:14.409051915Z,2022-09-07T23:58:14.409051915Z,2022-09-07T18:52:00Z,197.78501886792455,Tubing Pressure,sensors,102
,,0,2022-09-07T17:58:14.409051915Z,2022-09-07T23:58:14.409051915Z,2022-09-07T18:53:00Z,196.59485185185187,Tubing Pressure,sensors,102
,,0,2022-09-07T17:58:14.409051915Z,2022-09-07T23:58:14.409051915Z,2022-09-07T18:54:00Z,194.2770350877192,Tubing Pressure,sensors,102
,,0,2022-09-07T17:58:14.409051915Z,2022-09-07T23:58:14.409051915Z,2022-09-07T18:55:00Z,192.30540740740733,Tubing Pressure,sensors,102
,,0,2022-09-07T17:58:14.409051915Z,2022-09-07T23:58:14.409051915Z,2022-09-07T18:56:00Z,190.55464150943405,Tubing Pressure,sensors,102
,,0,2022-09-07T17:58:14.409051915Z,2022-09-07T23:58:14.409051915Z,2022-09-07T18:57:00Z,190.17984905660379,Tubing Pressure,sensors,102
,,0,2022-09-07T17:58:14.409051915Z,2022-09-07T23:58:14.409051915Z,2022-09-07T18:58:00Z,187.8935087719298,Tubing Pressure,sensors,102
,,0,2022-09-07T17:58:14.409051915Z,2022-09-07T23:58:14.409051915Z,2022-09-07T18:59:00Z,187.03937037037045,Tubing Pressure,sensors,102
,,0,2022-09-07T17:58:14.409051915Z,2022-09-07T23:58:14.409051915Z,2022-09-07T19:00:00Z,184.5211851851852,Tubing Pressure,sensors,102
,,0,2022-09-07T17:58:14.409051915Z,2022-09-07T23:58:14.409051915Z,2022-09-07T19:01:00Z,185.01192452830182,Tubing Pressure,sensors,102
,,0,2022-09-07T17:58:14.409051915Z,2022-09-07T23:58:14.409051915Z,2022-09-07T19:02:00Z,185.0376842105264,Tubing Pressure,sensors,102
,,0,2022-09-07T17:58:14.409051915Z,2022-09-07T23:58:14.409051915Z,2022-09-07T19:03:00Z,184.15892592592596,Tubing Pressure,sensors,102
,,0,2022-09-07T17:58:14.409051915Z,2022-09-07T23:58:14.409051915Z,2022-09-07T19:04:00Z,260.9684528301887,Tubing Pressure,sensors,102
,,0,2022-09-07T17:58:14.409051915Z,2022-09-07T23:58:14.409051915Z,2022-09-07T19:05:00Z,194.0324528301887,Tubing Pressure,sensors,102
,,0,2022-09-07T17:58:14.409051915Z,2022-09-07T23:58:14.409051915Z,2022-09-07T19:06:00Z,189.42429824561398,Tubing Pressure,sensors,102
,,0,2022-09-07T17:58:14.409051915Z,2022-09-07T23:58:14.409051915Z,2022-09-07T19:07:00Z,189.82605555555548,Tubing Pressure,sensors,102
,,0,2022-09-07T17:58:14.409051915Z,2022-09-07T23:58:14.409051915Z,2022-09-07T19:08:00Z,190.706641509434,Tubing Pressure,sensors,102
,,0,2022-09-07T17:58:14.409051915Z,2022-09-07T23:58:14.409051915Z,2022-09-07T19:09:00Z,191.34635185185178,Tubing Pressure,sensors,102
,,0,2022-09-07T17:58:14.409051915Z,2022-09-07T23:58:14.409051915Z,2022-09-07T19:10:00Z,190.84943859649113,Tubing Pressure,sensors,102
,,0,2022-09-07T17:58:14.409051915Z,2022-09-07T23:58:14.409051915Z,2022-09-07T19:11:00Z,190.64209259259263,Tubing Pressure,sensors,102
,,0,2022-09-07T17:58:14.409051915Z,2022-09-07T23:58:14.409051915Z,2022-09-07T19:12:00Z,189.62245283018868,Tubing Pressure,sensors,102
,,0,2022-09-07T17:58:14.409051915Z,2022-09-07T23:58:14.409051915Z,2022-09-07T19:13:00Z,188.9852407407408,Tubing Pressure,sensors,102
,,0,2022-09-07T17:58:14.409051915Z,2022-09-07T23:58:14.409051915Z,2022-09-07T19:14:00Z,186.45656140350883,Tubing Pressure,sensors,102
,,0,2022-09-07T17:58:14.409051915Z,2022-09-07T23:58:14.409051915Z,2022-09-07T19:15:00Z,187.31633333333332,Tubing Pressure,sensors,102
,,0,2022-09-07T17:58:14.409051915Z,2022-09-07T23:58:14.409051915Z,2022-09-07T19:16:00Z,184.19828301886795,Tubing Pressure,sensors,102
,,0,2022-09-07T17:58:14.409051915Z,2022-09-07T23:58:14.409051915Z,2022-09-07T19:17:00Z,183.78250000000006,Tubing Pressure,sensors,102
,,0,2022-09-07T17:58:14.409051915Z,2022-09-07T23:58:14.409051915Z,2022-09-07T19:18:00Z,181.56559649122804,Tubing Pressure,sensors,102
,,0,2022-09-07T17:58:14.409051915Z,2022-09-07T23:58:14.409051915Z,2022-09-07T19:19:00Z,181.33658490566032,Tubing Pressure,sensors,102
,,0,2022-09-07T17:58:14.409051915Z,2022-09-07T23:58:14.409051915Z,2022-09-07T19:20:00Z,180.17575925925934,Tubing Pressure,sensors,102
,,0,2022-09-07T17:58:14.409051915Z,2022-09-07T23:58:14.409051915Z,2022-09-07T19:21:00Z,179.19920370370377,Tubing Pressure,sensors,102
,,0,2022-09-07T17:58:14.409051915Z,2022-09-07T23:58:14.409051915Z,2022-09-07T19:22:00Z,179.34914035087715,Tubing Pressure,sensors,102
,,0,2022-09-07T17:58:14.409051915Z,2022-09-07T23:58:14.409051915Z,2022-09-07T19:23:00Z,177.96352830188678,Tubing Pressure,sensors,102
,,0,2022-09-07T17:58:14.409051915Z,2022-09-07T23:58:14.409051915Z,2022-09-07T19:24:00Z,177.88185185185188,Tubing Pressure,sensors,102
,,0,2022-09-07T17:58:14.409051915Z,2022-09-07T23:58:14.409051915Z,2022-09-07T19:25:00Z,178.82220370370374,Tubing Pressure,sensors,102
,,0,2022-09-07T17:58:14.409051915Z,2022-09-07T23:58:14.409051915Z,2022-09-07T19:26:00Z,179.43957142857136,Tubing Pressure,sensors,102
,,0,2022-09-07T17:58:14.409051915Z,2022-09-07T23:58:14.409051915Z,2022-09-07T19:27:00Z,180.4967777777778,Tubing Pressure,sensors,102
,,0,2022-09-07T17:58:14.409051915Z,2022-09-07T23:58:14.409051915Z,2022-09-07T19:28:00Z,181.07714814814813,Tubing Pressure,sensors,102
,,0,2022-09-07T17:58:14.409051915Z,2022-09-07T23:58:14.409051915Z,2022-09-07T19:29:00Z,181.40161111111107,Tubing Pressure,sensors,102
,,0,2022-09-07T17:58:14.409051915Z,2022-09-07T23:58:14.409051915Z,2022-09-07T19:30:00Z,181.3682363636364,Tubing Pressure,sensors,102
,,0,2022-09-07T17:58:14.409051915Z,2022-09-07T23:58:14.409051915Z,2022-09-07T19:31:00Z,181.91752727272723,Tubing Pressure,sensors,102
,,0,2022-09-07T17:58:14.409051915Z,2022-09-07T23:58:14.409051915Z,2022-09-07T19:32:00Z,182.18201851851856,Tubing Pressure,sensors,102
,,0,2022-09-07T17:58:14.409051915Z,2022-09-07T23:58:14.409051915Z,2022-09-07T19:33:00Z,182.02926415094336,Tubing Pressure,sensors,102
,,0,2022-09-07T17:58:14.409051915Z,2022-09-07T23:58:14.409051915Z,2022-09-07T19:34:00Z,181.43474545454552,Tubing Pressure,sensors,102
,,0,2022-09-07T17:58:14.409051915Z,2022-09-07T23:58:14.409051915Z,2022-09-07T19:35:00Z,182.14257142857142,Tubing Pressure,sensors,102
,,0,2022-09-07T17:58:14.409051915Z,2022-09-07T23:58:14.409051915Z,2022-09-07T19:36:00Z,180.285425925926,Tubing Pressure,sensors,102
,,0,2022-09-07T17:58:14.409051915Z,2022-09-07T23:58:14.409051915Z,2022-09-07T19:37:00Z,178.25139622641507,Tubing Pressure,sensors,102
,,0,2022-09-07T17:58:14.409051915Z,2022-09-07T23:58:14.409051915Z,2022-09-07T19:38:00Z,176.83803703703708,Tubing Pressure,sensors,102
,,0,2022-09-07T17:58:14.409051915Z,2022-09-07T23:58:14.409051915Z,2022-09-07T19:39:00Z,176.4633157894737,Tubing Pressure,sensors,102
,,0,2022-09-07T17:58:14.409051915Z,2022-09-07T23:58:14.409051915Z,2022-09-07T19:40:00Z,174.4220370370371,Tubing Pressure,sensors,102
,,0,2022-09-07T17:58:14.409051915Z,2022-09-07T23:58:14.409051915Z,2022-09-07T19:41:00Z,173.6012830188679,Tubing Pressure,sensors,102
,,0,2022-09-07T17:58:14.409051915Z,2022-09-07T23:58:14.409051915Z,2022-09-07T19:42:00Z,172.55998148148151,Tubing Pressure,sensors,102
,,0,2022-09-07T17:58:14.409051915Z,2022-09-07T23:58:14.409051915Z,2022-09-07T19:43:00Z,170.5075614035087,Tubing Pressure,sensors,102
,,0,2022-09-07T17:58:14.409051915Z,2022-09-07T23:58:14.409051915Z,2022-09-07T19:44:00Z,168.93637037037035,Tubing Pressure,sensors,102
,,0,2022-09-07T17:58:14.409051915Z,2022-09-07T23:58:14.409051915Z,2022-09-07T19:45:00Z,167.33533962264153,Tubing Pressure,sensors,102
,,0,2022-09-07T17:58:14.409051915Z,2022-09-07T23:58:14.409051915Z,2022-09-07T19:46:00Z,169.3787962962963,Tubing Pressure,sensors,102
,,0,2022-09-07T17:58:14.409051915Z,2022-09-07T23:58:14.409051915Z,2022-09-07T19:47:00Z,177.36866071428577,Tubing Pressure,sensors,102
,,0,2022-09-07T17:58:14.409051915Z,2022-09-07T23:58:14.409051915Z,2022-09-07T19:48:00Z,185.26718518518516,Tubing Pressure,sensors,102
,,0,2022-09-07T17:58:14.409051915Z,2022-09-07T23:58:14.409051915Z,2022-09-07T19:49:00Z,188.24788679245287,Tubing Pressure,sensors,102
,,0,2022-09-07T17:58:14.409051915Z,2022-09-07T23:58:14.409051915Z,2022-09-07T19:50:00Z,191.4235094339623,Tubing Pressure,sensors,102
,,0,2022-09-07T17:58:14.409051915Z,2022-09-07T23:58:14.409051915Z,2022-09-07T19:51:00Z,200.0903684210527,Tubing Pressure,sensors,102
,,0,2022-09-07T17:58:14.409051915Z,2022-09-07T23:58:14.409051915Z,2022-09-07T19:52:00Z,210.57238888888895,Tubing Pressure,sensors,102
,,0,2022-09-07T17:58:14.409051915Z,2022-09-07T23:58:14.409051915Z,2022-09-07T19:53:00Z,220.5510925925926,Tubing Pressure,sensors,102
,,0,2022-09-07T17:58:14.409051915Z,2022-09-07T23:58:14.409051915Z,2022-09-07T19:54:00Z,230.7693962264151,Tubing Pressure,sensors,102
,,0,2022-09-07T17:58:14.409051915Z,2022-09-07T23:58:14.409051915Z,2022-09-07T19:55:00Z,262.45487719298245,Tubing Pressure,sensors,102
,,0,2022-09-07T17:58:14.409051915Z,2022-09-07T23:58:14.409051915Z,2022-09-07T19:56:00Z,329.7447777777778,Tubing Pressure,sensors,102
,,0,2022-09-07T17:58:14.409051915Z,2022-09-07T23:58:14.409051915Z,2022-09-07T19:57:00Z,349.4688867924528,Tubing Pressure,sensors,102
,,0,2022-09-07T17:58:14.409051915Z,2022-09-07T23:58:14.409051915Z,2022-09-07T19:58:00Z,261.03148148148153,Tubing Pressure,sensors,102
,,0,2022-09-07T17:58:14.409051915Z,2022-09-07T23:58:14.409051915Z,2022-09-07T19:59:00Z,233.20517543859654,Tubing Pressure,sensors,102
,,0,2022-09-07T17:58:14.409051915Z,2022-09-07T23:58:14.409051915Z,2022-09-07T20:00:00Z,216.03856603773596,Tubing Pressure,sensors,102
,,0,2022-09-07T17:58:14.409051915Z,2022-09-07T23:58:14.409051915Z,2022-09-07T20:01:00Z,205.58562962962955,Tubing Pressure,sensors,102
,,0,2022-09-07T17:58:14.409051915Z,2022-09-07T23:58:14.409051915Z,2022-09-07T20:02:00Z,198.71266037735845,Tubing Pressure,sensors,102
,,0,2022-09-07T17:58:14.409051915Z,2022-09-07T23:58:14.409051915Z,2022-09-07T20:03:00Z,193.8016666666667,Tubing Pressure,sensors,102
,,0,2022-09-07T17:58:14.409051915Z,2022-09-07T23:58:14.409051915Z,2022-09-07T20:04:00Z,190.22227777777783,Tubing Pressure,sensors,102
,,0,2022-09-07T17:58:14.409051915Z,2022-09-07T23:58:14.409051915Z,2022-09-07T20:05:00Z,187.4570185185185,Tubing Pressure,sensors,102
,,0,2022-09-07T17:58:14.409051915Z,2022-09-07T23:58:14.409051915Z,2022-09-07T20:06:00Z,185.10926415094346,Tubing Pressure,sensors,102
,,0,2022-09-07T17:58:14.409051915Z,2022-09-07T23:58:14.409051915Z,2022-09-07T20:07:00Z,183.32335087719304,Tubing Pressure,sensors,102
,,0,2022-09-07T17:58:14.409051915Z,2022-09-07T23:58:14.409051915Z,2022-09-07T20:08:00Z,189.57062264150943,Tubing Pressure,sensors,102
,,0,2022-09-07T17:58:14.409051915Z,2022-09-07T23:58:14.409051915Z,2022-09-07T20:09:00Z,206.94083333333342,Tubing Pressure,sensors,102
,,0,2022-09-07T17:58:14.409051915Z,2022-09-07T23:58:14.409051915Z,2022-09-07T20:10:00Z,209.3647222222223,Tubing Pressure,sensors,102
,,0,2022-09-07T17:58:14.409051915Z,2022-09-07T23:58:14.409051915Z,2022-09-07T20:11:00Z,209.5755087719298,Tubing Pressure,sensors,102
,,0,2022-09-07T17:58:14.409051915Z,2022-09-07T23:58:14.409051915Z,2022-09-07T20:12:00Z,208.66654716981142,Tubing Pressure,sensors,102
,,0,2022-09-07T17:58:14.409051915Z,2022-09-07T23:58:14.409051915Z,2022-09-07T20:13:00Z,206.43727777777772,Tubing Pressure,sensors,102
,,0,2022-09-07T17:58:14.409051915Z,2022-09-07T23:58:14.409051915Z,2022-09-07T20:14:00Z,206.5751481481482,Tubing Pressure,sensors,102
,,0,2022-09-07T17:58:14.409051915Z,2022-09-07T23:58:14.409051915Z,2022-09-07T20:15:00Z,204.35280357142855,Tubing Pressure,sensors,102
,,0,2022-09-07T17:58:14.409051915Z,2022-09-07T23:58:14.409051915Z,2022-09-07T20:16:00Z,203.47253703703697,Tubing Pressure,sensors,102
,,0,2022-09-07T17:58:14.409051915Z,2022-09-07T23:58:14.409051915Z,2022-09-07T20:17:00Z,201.46522222222222,Tubing Pressure,sensors,102
,,0,2022-09-07T17:58:14.409051915Z,2022-09-07T23:58:14.409051915Z,2022-09-07T20:18:00Z,199.97594444444456,Tubing Pressure,sensors,102
,,0,2022-09-07T17:58:14.409051915Z,2022-09-07T23:58:14.409051915Z,2022-09-07T20:19:00Z,198.98507272727272,Tubing Pressure,sensors,102
,,0,2022-09-07T17:58:14.409051915Z,2022-09-07T23:58:14.409051915Z,2022-09-07T20:20:00Z,198.05019999999993,Tubing Pressure,sensors,102
,,0,2022-09-07T17:58:14.409051915Z,2022-09-07T23:58:14.409051915Z,2022-09-07T20:21:00Z,197.16837037037035,Tubing Pressure,sensors,102
,,0,2022-09-07T17:58:14.409051915Z,2022-09-07T23:58:14.409051915Z,2022-09-07T20:22:00Z,195.481425925926,Tubing Pressure,sensors,102
,,0,2022-09-07T17:58:14.409051915Z,2022-09-07T23:58:14.409051915Z,2022-09-07T20:23:00Z,194.8299074074074,Tubing Pressure,sensors,102
,,0,2022-09-07T17:58:14.409051915Z,2022-09-07T23:58:14.409051915Z,2022-09-07T20:24:00Z,194.24598214285712,Tubing Pressure,sensors,102
,,0,2022-09-07T17:58:14.409051915Z,2022-09-07T23:58:14.409051915Z,2022-09-07T20:25:00Z,267.8521851851852,Tubing Pressure,sensors,102
,,0,2022-09-07T17:58:14.409051915Z,2022-09-07T23:58:14.409051915Z,2022-09-07T20:26:00Z,201.00032075471702,Tubing Pressure,sensors,102
,,0,2022-09-07T17:58:14.409051915Z,2022-09-07T23:58:14.409051915Z,2022-09-07T20:27:00Z,196.7315555555557,Tubing Pressure,sensors,102
,,0,2022-09-07T17:58:14.409051915Z,2022-09-07T23:58:14.409051915Z,2022-09-07T20:28:00Z,196.18285714285727,Tubing Pressure,sensors,102
,,0,2022-09-07T17:58:14.409051915Z,2022-09-07T23:58:14.409051915Z,2022-09-07T20:29:00Z,196.17261111111114,Tubing Pressure,sensors,102
,,0,2022-09-07T17:58:14.409051915Z,2022-09-07T23:58:14.409051915Z,2022-09-07T20:30:00Z,197.30586792452814,Tubing Pressure,sensors,102
,,0,2022-09-07T17:58:14.409051915Z,2022-09-07T23:58:14.409051915Z,2022-09-07T20:31:00Z,195.34125925925932,Tubing Pressure,sensors,102
,,0,2022-09-07T17:58:14.409051915Z,2022-09-07T23:58:14.409051915Z,2022-09-07T20:32:00Z,194.66498181818181,Tubing Pressure,sensors,102
,,0,2022-09-07T17:58:14.409051915Z,2022-09-07T23:58:14.409051915Z,2022-09-07T20:33:00Z,195.4063518518518,Tubing Pressure,sensors,102
,,0,2022-09-07T17:58:14.409051915Z,2022-09-07T23:58:14.409051915Z,2022-09-07T20:34:00Z,195.36620370370377,Tubing Pressure,sensors,102
,,0,2022-09-07T17:58:14.409051915Z,2022-09-07T23:58:14.409051915Z,2022-09-07T20:35:00Z,192.69714814814813,Tubing Pressure,sensors,102
,,0,2022-09-07T17:58:14.409051915Z,2022-09-07T23:58:14.409051915Z,2022-09-07T20:36:00Z,192.39476785714285,Tubing Pressure,sensors,102
,,0,2022-09-07T17:58:14.409051915Z,2022-09-07T23:58:14.409051915Z,2022-09-07T20:37:00Z,191.69729629629632,Tubing Pressure,sensors,102
,,0,2022-09-07T17:58:14.409051915Z,2022-09-07T23:58:14.409051915Z,2022-09-07T20:38:00Z,189.50287037037032,Tubing Pressure,sensors,102
,,0,2022-09-07T17:58:14.409051915Z,2022-09-07T23:58:14.409051915Z,2022-09-07T20:39:00Z,189.45426415094346,Tubing Pressure,sensors,102
,,0,2022-09-07T17:58:14.409051915Z,2022-09-07T23:58:14.409051915Z,2022-09-07T20:40:00Z,188.76945614035085,Tubing Pressure,sensors,102
,,0,2022-09-07T17:58:14.409051915Z,2022-09-07T23:58:14.409051915Z,2022-09-07T20:41:00Z,186.80607407407413,Tubing Pressure,sensors,102
,,0,2022-09-07T17:58:14.409051915Z,2022-09-07T23:58:14.409051915Z,2022-09-07T20:42:00Z,185.67174074074066,Tubing Pressure,sensors,102
,,0,2022-09-07T17:58:14.409051915Z,2022-09-07T23:58:14.409051915Z,2022-09-07T20:43:00Z,185.83756603773588,Tubing Pressure,sensors,102
,,0,2022-09-07T17:58:14.409051915Z,2022-09-07T23:58:14.409051915Z,2022-09-07T20:44:00Z,184.77485964912276,Tubing Pressure,sensors,102
,,0,2022-09-07T17:58:14.409051915Z,2022-09-07T23:58:14.409051915Z,2022-09-07T20:45:00Z,183.69661111111108,Tubing Pressure,sensors,102
,,0,2022-09-07T17:58:14.409051915Z,2022-09-07T23:58:14.409051915Z,2022-09-07T20:46:00Z,184.4942830188679,Tubing Pressure,sensors,102
,,0,2022-09-07T17:58:14.409051915Z,2022-09-07T23:58:14.409051915Z,2022-09-07T20:47:00Z,184.7725925925926,Tubing Pressure,sensors,102
,,0,2022-09-07T17:58:14.409051915Z,2022-09-07T23:58:14.409051915Z,2022-09-07T20:48:00Z,185.9500526315789,Tubing Pressure,sensors,102
,,0,2022-09-07T17:58:14.409051915Z,2022-09-07T23:58:14.409051915Z,2022-09-07T20:49:00Z,185.76216666666664,Tubing Pressure,sensors,102
,,0,2022-09-07T17:58:14.409051915Z,2022-09-07T23:58:14.409051915Z,2022-09-07T20:50:00Z,185.93501886792458,Tubing Pressure,sensors,102
,,0,2022-09-07T17:58:14.409051915Z,2022-09-07T23:58:14.409051915Z,2022-09-07T20:51:00Z,184.80318518518513,Tubing Pressure,sensors,102
,,0,2022-09-07T17:58:14.409051915Z,2022-09-07T23:58:14.409051915Z,2022-09-07T20:52:00Z,185.7369298245613,Tubing Pressure,sensors,102
,,0,2022-09-07T17:58:14.409051915Z,2022-09-07T23:58:14.409051915Z,2022-09-07T20:53:00Z,185.32759259259257,Tubing Pressure,sensors,102
,,0,2022-09-07T17:58:14.409051915Z,2022-09-07T23:58:14.409051915Z,2022-09-07T20:54:00Z,184.9244528301887,Tubing Pressure,sensors,102
,,0,2022-09-07T17:58:14.409051915Z,2022-09-07T23:58:14.409051915Z,2022-09-07T20:55:00Z,182.9280185185185,Tubing Pressure,sensors,102
,,0,2022-09-07T17:58:14.409051915Z,2022-09-07T23:58:14.409051915Z,2022-09-07T20:56:00Z,182.76287719298247,Tubing Pressure,sensors,102
,,0,2022-09-07T17:58:14.409051915Z,2022-09-07T23:58:14.409051915Z,2022-09-07T20:57:00Z,180.8782264150944,Tubing Pressure,sensors,102
,,0,2022-09-07T17:58:14.409051915Z,2022-09-07T23:58:14.409051915Z,2022-09-07T20:58:00Z,180.54655555555559,Tubing Pressure,sensors,102
,,0,2022-09-07T17:58:14.409051915Z,2022-09-07T23:58:14.409051915Z,2022-09-07T20:59:00Z,178.7793148148147,Tubing Pressure,sensors,102
,,0,2022-09-07T17:58:14.409051915Z,2022-09-07T23:58:14.409051915Z,2022-09-07T21:00:00Z,177.3714736842105,Tubing Pressure,sensors,102
,,0,2022-09-07T17:58:14.409051915Z,2022-09-07T23:58:14.409051915Z,2022-09-07T21:01:00Z,175.60273584905667,Tubing Pressure,sensors,102
,,0,2022-09-07T17:58:14.409051915Z,2022-09-07T23:58:14.409051915Z,2022-09-07T21:02:00Z,174.22316666666677,Tubing Pressure,sensors,102
,,0,2022-09-07T17:58:14.409051915Z,2022-09-07T23:58:14.409051915Z,2022-09-07T21:03:00Z,171.5466666666667,Tubing Pressure,sensors,102
,,0,2022-09-07T17:58:14.409051915Z,2022-09-07T23:58:14.409051915Z,2022-09-07T21:04:00Z,169.76655357142857,Tubing Pressure,sensors,102
,,0,2022-09-07T17:58:14.409051915Z,2022-09-07T23:58:14.409051915Z,2022-09-07T21:05:00Z,168.57120370370373,Tubing Pressure,sensors,102
,,0,2022-09-07T17:58:14.409051915Z,2022-09-07T23:58:14.409051915Z,2022-09-07T21:06:00Z,167.6511666666666,Tubing Pressure,sensors,102
,,0,2022-09-07T17:58:14.409051915Z,2022-09-07T23:58:14.409051915Z,2022-09-07T21:07:00Z,173.25290566037737,Tubing Pressure,sensors,102
,,0,2022-09-07T17:58:14.409051915Z,2022-09-07T23:58:14.409051915Z,2022-09-07T21:08:00Z,177.8749821428571,Tubing Pressure,sensors,102
,,0,2022-09-07T17:58:14.409051915Z,2022-09-07T23:58:14.409051915Z,2022-09-07T21:09:00Z,182.80083636363636,Tubing Pressure,sensors,102
,,0,2022-09-07T17:58:14.409051915Z,2022-09-07T23:58:14.409051915Z,2022-09-07T21:10:00Z,184.2278333333333,Tubing Pressure,sensors,102
,,0,2022-09-07T17:58:14.409051915Z,2022-09-07T23:58:14.409051915Z,2022-09-07T21:11:00Z,192.04079245283023,Tubing Pressure,sensors,102
,,0,2022-09-07T17:58:14.409051915Z,2022-09-07T23:58:14.409051915Z,2022-09-07T21:12:00Z,193.03861818181815,Tubing Pressure,sensors,102
,,0,2022-09-07T17:58:14.409051915Z,2022-09-07T23:58:14.409051915Z,2022-09-07T21:13:00Z,204.11851785714293,Tubing Pressure,sensors,102
,,0,2022-09-07T17:58:14.409051915Z,2022-09-07T23:58:14.409051915Z,2022-09-07T21:14:00Z,207.41652830188679,Tubing Pressure,sensors,102
,,0,2022-09-07T17:58:14.409051915Z,2022-09-07T23:58:14.409051915Z,2022-09-07T21:15:00Z,212.3616296296296,Tubing Pressure,sensors,102
,,0,2022-09-07T17:58:14.409051915Z,2022-09-07T23:58:14.409051915Z,2022-09-07T21:16:00Z,226.975074074074,Tubing Pressure,sensors,102
,,0,2022-09-07T17:58:14.409051915Z,2022-09-07T23:58:14.409051915Z,2022-09-07T21:17:00Z,262.72242592592596,Tubing Pressure,sensors,102
,,0,2022-09-07T17:58:14.409051915Z,2022-09-07T23:58:14.409051915Z,2022-09-07T21:18:00Z,335.30179629629635,Tubing Pressure,sensors,102
,,0,2022-09-07T17:58:14.409051915Z,2022-09-07T23:58:14.409051915Z,2022-09-07T21:19:00Z,331.5907547169811,Tubing Pressure,sensors,102
,,0,2022-09-07T17:58:14.409051915Z,2022-09-07T23:58:14.409051915Z,2022-09-07T21:20:00Z,249.064375,Tubing Pressure,sensors,102
,,0,2022-09-07T17:58:14.409051915Z,2022-09-07T23:58:14.409051915Z,2022-09-07T21:21:00Z,222.94259999999994,Tubing Pressure,sensors,102
,,0,2022-09-07T17:58:14.409051915Z,2022-09-07T23:58:14.409051915Z,2022-09-07T21:22:00Z,207.46018518518508,Tubing Pressure,sensors,102
,,0,2022-09-07T17:58:14.409051915Z,2022-09-07T23:58:14.409051915Z,2022-09-07T21:23:00Z,197.60073584905663,Tubing Pressure,sensors,102
,,0,2022-09-07T17:58:14.409051915Z,2022-09-07T23:58:14.409051915Z,2022-09-07T21:24:00Z,190.5739454545455,Tubing Pressure,sensors,102
,,0,2022-09-07T17:58:14.409051915Z,2022-09-07T23:58:14.409051915Z,2022-09-07T21:25:00Z,185.61789090909096,Tubing Pressure,sensors,102
,,0,2022-09-07T17:58:14.409051915Z,2022-09-07T23:58:14.409051915Z,2022-09-07T21:26:00Z,182.02890740740736,Tubing Pressure,sensors,102
,,0,2022-09-07T17:58:14.409051915Z,2022-09-07T23:58:14.409051915Z,2022-09-07T21:27:00Z,178.6273518518518,Tubing Pressure,sensors,102
,,0,2022-09-07T17:58:14.409051915Z,2022-09-07T23:58:14.409051915Z,2022-09-07T21:28:00Z,176.00390740740744,Tubing Pressure,sensors,102
,,0,2022-09-07T17:58:14.409051915Z,2022-09-07T23:58:14.409051915Z,2022-09-07T21:29:00Z,174.42969642857148,Tubing Pressure,sensors,102
,,0,2022-09-07T17:58:14.409051915Z,2022-09-07T23:58:14.409051915Z,2022-09-07T21:30:00Z,193.38871698113206,Tubing Pressure,sensors,102
,,0,2022-09-07T17:58:14.409051915Z,2022-09-07T23:58:14.409051915Z,2022-09-07T21:31:00Z,200.24107407407408,Tubing Pressure,sensors,102
,,0,2022-09-07T17:58:14.409051915Z,2022-09-07T23:58:14.409051915Z,2022-09-07T21:32:00Z,203.81894444444447,Tubing Pressure,sensors,102
,,0,2022-09-07T17:58:14.409051915Z,2022-09-07T23:58:14.409051915Z,2022-09-07T21:33:00Z,202.57673214285714,Tubing Pressure,sensors,102
,,0,2022-09-07T17:58:14.409051915Z,2022-09-07T23:58:14.409051915Z,2022-09-07T21:34:00Z,201.84101851851852,Tubing Pressure,sensors,102
,,0,2022-09-07T17:58:14.409051915Z,2022-09-07T23:58:14.409051915Z,2022-09-07T21:35:00Z,200.06814814814814,Tubing Pressure,sensors,102
,,0,2022-09-07T17:58:14.409051915Z,2022-09-07T23:58:14.409051915Z,2022-09-07T21:36:00Z,200.15407407407417,Tubing Pressure,sensors,102
,,0,2022-09-07T17:58:14.409051915Z,2022-09-07T23:58:14.409051915Z,2022-09-07T21:37:00Z,197.18987499999994,Tubing Pressure,sensors,102
,,0,2022-09-07T17:58:14.409051915Z,2022-09-07T23:58:14.409051915Z,2022-09-07T21:38:00Z,194.0149074074074,Tubing Pressure,sensors,102
,,0,2022-09-07T17:58:14.409051915Z,2022-09-07T23:58:14.409051915Z,2022-09-07T21:39:00Z,192.0199444444444,Tubing Pressure,sensors,102
,,0,2022-09-07T17:58:14.409051915Z,2022-09-07T23:58:14.409051915Z,2022-09-07T21:40:00Z,190.14940740740744,Tubing Pressure,sensors,102
,,0,2022-09-07T17:58:14.409051915Z,2022-09-07T23:58:14.409051915Z,2022-09-07T21:41:00Z,188.5125178571429,Tubing Pressure,sensors,102
,,0,2022-09-07T17:58:14.409051915Z,2022-09-07T23:58:14.409051915Z,2022-09-07T21:42:00Z,187.93466666666663,Tubing Pressure,sensors,102
,,0,2022-09-07T17:58:14.409051915Z,2022-09-07T23:58:14.409051915Z,2022-09-07T21:43:00Z,185.46548148148153,Tubing Pressure,sensors,102
,,0,2022-09-07T17:58:14.409051915Z,2022-09-07T23:58:14.409051915Z,2022-09-07T21:44:00Z,183.55635849056605,Tubing Pressure,sensors,102
,,0,2022-09-07T17:58:14.409051915Z,2022-09-07T23:58:14.409051915Z,2022-09-07T21:45:00Z,188.72766666666664,Tubing Pressure,sensors,102
,,0,2022-09-07T17:58:14.409051915Z,2022-09-07T23:58:14.409051915Z,2022-09-07T21:46:00Z,258.37879629629634,Tubing Pressure,sensors,102
,,0,2022-09-07T17:58:14.409051915Z,2022-09-07T23:58:14.409051915Z,2022-09-07T21:47:00Z,188.57043396226416,Tubing Pressure,sensors,102
,,0,2022-09-07T17:58:14.409051915Z,2022-09-07T23:58:14.409051915Z,2022-09-07T21:48:00Z,186.7195185185185,Tubing Pressure,sensors,102
,,0,2022-09-07T17:58:14.409051915Z,2022-09-07T23:58:14.409051915Z,2022-09-07T21:49:00Z,187.81807017543863,Tubing Pressure,sensors,102
,,0,2022-09-07T17:58:14.409051915Z,2022-09-07T23:58:14.409051915Z,2022-09-07T21:50:00Z,187.8724905660377,Tubing Pressure,sensors,102
,,0,2022-09-07T17:58:14.409051915Z,2022-09-07T23:58:14.409051915Z,2022-09-07T21:51:00Z,187.6327407407407,Tubing Pressure,sensors,102
,,0,2022-09-07T17:58:14.409051915Z,2022-09-07T23:58:14.409051915Z,2022-09-07T21:52:00Z,186.4474528301886,Tubing Pressure,sensors,102
,,0,2022-09-07T17:58:14.409051915Z,2022-09-07T23:58:14.409051915Z,2022-09-07T21:53:00Z,186.97635087719303,Tubing Pressure,sensors,102
,,0,2022-09-07T17:58:14.409051915Z,2022-09-07T23:58:14.409051915Z,2022-09-07T21:54:00Z,187.04288888888894,Tubing Pressure,sensors,102
,,0,2022-09-07T17:58:14.409051915Z,2022-09-07T23:58:14.409051915Z,2022-09-07T21:55:00Z,186.04759259259265,Tubing Pressure,sensors,102
,,0,2022-09-07T17:58:14.409051915Z,2022-09-07T23:58:14.409051915Z,2022-09-07T21:56:00Z,185.59633962264164,Tubing Pressure,sensors,102
,,0,2022-09-07T17:58:14.409051915Z,2022-09-07T23:58:14.409051915Z,2022-09-07T21:57:00Z,183.98084210526315,Tubing Pressure,sensors,102
,,0,2022-09-07T17:58:14.409051915Z,2022-09-07T23:58:14.409051915Z,2022-09-07T21:58:00Z,183.15179629629634,Tubing Pressure,sensors,102
,,0,2022-09-07T17:58:14.409051915Z,2022-09-07T23:58:14.409051915Z,2022-09-07T21:59:00Z,182.04424528301894,Tubing Pressure,sensors,102
,,0,2022-09-07T17:58:14.409051915Z,2022-09-07T23:58:14.409051915Z,2022-09-07T22:00:00Z,181.42642592592594,Tubing Pressure,sensors,102
,,0,2022-09-07T17:58:14.409051915Z,2022-09-07T23:58:14.409051915Z,2022-09-07T22:01:00Z,179.6366666666667,Tubing Pressure,sensors,102
,,0,2022-09-07T17:58:14.409051915Z,2022-09-07T23:58:14.409051915Z,2022-09-07T22:02:00Z,178.86570370370367,Tubing Pressure,sensors,102
,,0,2022-09-07T17:58:14.409051915Z,2022-09-07T23:58:14.409051915Z,2022-09-07T22:03:00Z,177.53864150943394,Tubing Pressure,sensors,102
,,0,2022-09-07T17:58:14.409051915Z,2022-09-07T23:58:14.409051915Z,2022-09-07T22:04:00Z,178.6646296296296,Tubing Pressure,sensors,102
,,0,2022-09-07T17:58:14.409051915Z,2022-09-07T23:58:14.409051915Z,2022-09-07T22:05:00Z,176.0498750000001,Tubing Pressure,sensors,102
,,0,2022-09-07T17:58:14.409051915Z,2022-09-07T23:58:14.409051915Z,2022-09-07T22:06:00Z,177.83381481481482,Tubing Pressure,sensors,102
,,0,2022-09-07T17:58:14.409051915Z,2022-09-07T23:58:14.409051915Z,2022-09-07T22:07:00Z,178.1948888888888,Tubing Pressure,sensors,102
,,0,2022-09-07T17:58:14.409051915Z,2022-09-07T23:58:14.409051915Z,2022-09-07T22:08:00Z,178.84422222222216,Tubing Pressure,sensors,102
,,0,2022-09-07T17:58:14.409051915Z,2022-09-07T23:58:14.409051915Z,2022-09-07T22:09:00Z,178.54614545454544,Tubing Pressure,sensors,102
,,0,2022-09-07T17:58:14.409051915Z,2022-09-07T23:58:14.409051915Z,2022-09-07T22:10:00Z,179.36354545454552,Tubing Pressure,sensors,102
,,0,2022-09-07T17:58:14.409051915Z,2022-09-07T23:58:14.409051915Z,2022-09-07T22:11:00Z,180.19842592592593,Tubing Pressure,sensors,102
,,0,2022-09-07T17:58:14.409051915Z,2022-09-07T23:58:14.409051915Z,2022-09-07T22:12:00Z,178.7707777777778,Tubing Pressure,sensors,102
,,0,2022-09-07T17:58:14.409051915Z,2022-09-07T23:58:14.409051915Z,2022-09-07T22:13:00Z,179.32861111111106,Tubing Pressure,sensors,102
,,0,2022-09-07T17:58:14.409051915Z,2022-09-07T23:58:14.409051915Z,2022-09-07T22:14:00Z,179.34641071428567,Tubing Pressure,sensors,102
,,0,2022-09-07T17:58:14.409051915Z,2022-09-07T23:58:14.409051915Z,2022-09-07T22:15:00Z,178.21187037037035,Tubing Pressure,sensors,102
,,0,2022-09-07T17:58:14.409051915Z,2022-09-07T23:58:14.409051915Z,2022-09-07T22:16:00Z,178.14805555555554,Tubing Pressure,sensors,102
,,0,2022-09-07T17:58:14.409051915Z,2022-09-07T23:58:14.409051915Z,2022-09-07T22:17:00Z,177.77805660377354,Tubing Pressure,sensors,102
,,0,2022-09-07T17:58:14.409051915Z,2022-09-07T23:58:14.409051915Z,2022-09-07T22:18:00Z,176.984298245614,Tubing Pressure,sensors,102
,,0,2022-09-07T17:58:14.409051915Z,2022-09-07T23:58:14.409051915Z,2022-09-07T22:19:00Z,175.34661111111106,Tubing Pressure,sensors,102
,,0,2022-09-07T17:58:14.409051915Z,2022-09-07T23:58:14.409051915Z,2022-09-07T22:20:00Z,173.09003703703704,Tubing Pressure,sensors,102
,,0,2022-09-07T17:58:14.409051915Z,2022-09-07T23:58:14.409051915Z,2022-09-07T22:21:00Z,171.77707547169803,Tubing Pressure,sensors,102
,,0,2022-09-07T17:58:14.409051915Z,2022-09-07T23:58:14.409051915Z,2022-09-07T22:22:00Z,170.16278947368414,Tubing Pressure,sensors,102
,,0,2022-09-07T17:58:14.409051915Z,2022-09-07T23:58:14.409051915Z,2022-09-07T22:23:00Z,167.62579629629633,Tubing Pressure,sensors,102
,,0,2022-09-07T17:58:14.409051915Z,2022-09-07T23:58:14.409051915Z,2022-09-07T22:24:00Z,164.7264339622642,Tubing Pressure,sensors,102
,,0,2022-09-07T17:58:14.409051915Z,2022-09-07T23:58:14.409051915Z,2022-09-07T22:25:00Z,162.72824074074083,Tubing Pressure,sensors,102
,,0,2022-09-07T17:58:14.409051915Z,2022-09-07T23:58:14.409051915Z,2022-09-07T22:26:00Z,160.91119298245619,Tubing Pressure,sensors,102
,,0,2022-09-07T17:58:14.409051915Z,2022-09-07T23:58:14.409051915Z,2022-09-07T22:27:00Z,161.3215925925926,Tubing Pressure,sensors,102
,,0,2022-09-07T17:58:14.409051915Z,2022-09-07T23:58:14.409051915Z,2022-09-07T22:28:00Z,167.53750943396224,Tubing Pressure,sensors,102
,,0,2022-09-07T17:58:14.409051915Z,2022-09-07T23:58:14.409051915Z,2022-09-07T22:29:00Z,176.672537037037,Tubing Pressure,sensors,102
,,0,2022-09-07T17:58:14.409051915Z,2022-09-07T23:58:14.409051915Z,2022-09-07T22:30:00Z,186.0656315789474,Tubing Pressure,sensors,102
,,0,2022-09-07T17:58:14.409051915Z,2022-09-07T23:58:14.409051915Z,2022-09-07T22:31:00Z,190.86318518518522,Tubing Pressure,sensors,102
,,0,2022-09-07T17:58:14.409051915Z,2022-09-07T23:58:14.409051915Z,2022-09-07T22:32:00Z,197.25871698113204,Tubing Pressure,sensors,102
,,0,2022-09-07T17:58:14.409051915Z,2022-09-07T23:58:14.409051915Z,2022-09-07T22:33:00Z,208.67579629629628,Tubing Pressure,sensors,102
,,0,2022-09-07T17:58:14.409051915Z,2022-09-07T23:58:14.409051915Z,2022-09-07T22:34:00Z,222.87357894736846,Tubing Pressure,sensors,102
,,0,2022-09-07T17:58:14.409051915Z,2022-09-07T23:58:14.409051915Z,2022-09-07T22:35:00Z,240.8288703703703,Tubing Pressure,sensors,102
,,0,2022-09-07T17:58:14.409051915Z,2022-09-07T23:58:14.409051915Z,2022-09-07T22:36:00Z,277.11173584905663,Tubing Pressure,sensors,102
,,0,2022-09-07T17:58:14.409051915Z,2022-09-07T23:58:14.409051915Z,2022-09-07T22:37:00Z,373.70694444444445,Tubing Pressure,sensors,102
,,0,2022-09-07T17:58:14.409051915Z,2022-09-07T23:58:14.409051915Z,2022-09-07T22:38:00Z,290.6236842105262,Tubing Pressure,sensors,102
,,0,2022-09-07T17:58:14.409051915Z,2022-09-07T23:58:14.409051915Z,2022-09-07T22:39:00Z,242.7546603773585,Tubing Pressure,sensors,102
,,0,2022-09-07T17:58:14.409051915Z,2022-09-07T23:58:14.409051915Z,2022-09-07T22:40:00Z,219.935074074074,Tubing Pressure,sensors,102
,,0,2022-09-07T17:58:14.409051915Z,2022-09-07T23:58:14.409051915Z,2022-09-07T22:41:00Z,205.52958490566036,Tubing Pressure,sensors,102
,,0,2022-09-07T17:58:14.409051915Z,2022-09-07T23:58:14.409051915Z,2022-09-07T22:42:00Z,195.82649122807013,Tubing Pressure,sensors,102
,,0,2022-09-07T17:58:14.409051915Z,2022-09-07T23:58:14.409051915Z,2022-09-07T22:43:00Z,189.27125925925932,Tubing Pressure,sensors,102
,,0,2022-09-07T17:58:14.409051915Z,2022-09-07T23:58:14.409051915Z,2022-09-07T22:44:00Z,185.08733962264142,Tubing Pressure,sensors,102
,,0,2022-09-07T17:58:14.409051915Z,2022-09-07T23:58:14.409051915Z,2022-09-07T22:45:00Z,181.8480555555556,Tubing Pressure,sensors,102
,,0,2022-09-07T17:58:14.409051915Z,2022-09-07T23:58:14.409051915Z,2022-09-07T22:46:00Z,178.7486071428571,Tubing Pressure,sensors,102
,,0,2022-09-07T17:58:14.409051915Z,2022-09-07T23:58:14.409051915Z,2022-09-07T22:47:00Z,175.9743090909091,Tubing Pressure,sensors,102
,,0,2022-09-07T17:58:14.409051915Z,2022-09-07T23:58:14.409051915Z,2022-09-07T22:48:00Z,174.8381320754717,Tubing Pressure,sensors,102
,,0,2022-09-07T17:58:14.409051915Z,2022-09-07T23:58:14.409051915Z,2022-09-07T22:49:00Z,192.41559259259247,Tubing Pressure,sensors,102
,,0,2022-09-07T17:58:14.409051915Z,2022-09-07T23:58:14.409051915Z,2022-09-07T22:50:00Z,200.18314545454547,Tubing Pressure,sensors,102
,,0,2022-09-07T17:58:14.409051915Z,2022-09-07T23:58:14.409051915Z,2022-09-07T22:51:00Z,201.23349090909093,Tubing Pressure,sensors,102
,,0,2022-09-07T17:58:14.409051915Z,2022-09-07T23:58:14.409051915Z,2022-09-07T22:52:00Z,202.65816666666666,Tubing Pressure,sensors,102
,,0,2022-09-07T17:58:14.409051915Z,2022-09-07T23:58:14.409051915Z,2022-09-07T22:53:00Z,201.5691851851851,Tubing Pressure,sensors,102
,,0,2022-09-07T17:58:14.409051915Z,2022-09-07T23:58:14.409051915Z,2022-09-07T22:54:00Z,201.06051851851856,Tubing Pressure,sensors,102
,,0,2022-09-07T17:58:14.409051915Z,2022-09-07T23:58:14.409051915Z,2022-09-07T22:55:00Z,198.12776785714286,Tubing Pressure,sensors,102
,,0,2022-09-07T17:58:14.409051915Z,2022-09-07T23:58:14.409051915Z,2022-09-07T22:56:00Z,197.69403703703705,Tubing Pressure,sensors,102
,,0,2022-09-07T17:58:14.409051915Z,2022-09-07T23:58:14.409051915Z,2022-09-07T22:57:00Z,196.82077777777778,Tubing Pressure,sensors,102
,,0,2022-09-07T17:58:14.409051915Z,2022-09-07T23:58:14.409051915Z,2022-09-07T22:58:00Z,193.6144716981132,Tubing Pressure,sensors,102
,,0,2022-09-07T17:58:14.409051915Z,2022-09-07T23:58:14.409051915Z,2022-09-07T22:59:00Z,190.73535087719304,Tubing Pressure,sensors,102
,,0,2022-09-07T17:58:14.409051915Z,2022-09-07T23:58:14.409051915Z,2022-09-07T23:00:00Z,190.22674074074078,Tubing Pressure,sensors,102
,,0,2022-09-07T17:58:14.409051915Z,2022-09-07T23:58:14.409051915Z,2022-09-07T23:01:00Z,189.6979444444444,Tubing Pressure,sensors,102
,,0,2022-09-07T17:58:14.409051915Z,2022-09-07T23:58:14.409051915Z,2022-09-07T23:02:00Z,188.24792452830192,Tubing Pressure,sensors,102
,,0,2022-09-07T17:58:14.409051915Z,2022-09-07T23:58:14.409051915Z,2022-09-07T23:03:00Z,187.09201754385967,Tubing Pressure,sensors,102
,,0,2022-09-07T17:58:14.409051915Z,2022-09-07T23:58:14.409051915Z,2022-09-07T23:04:00Z,187.27055555555557,Tubing Pressure,sensors,102
,,0,2022-09-07T17:58:14.409051915Z,2022-09-07T23:58:14.409051915Z,2022-09-07T23:05:00Z,186.78453703703704,Tubing Pressure,sensors,102
,,0,2022-09-07T17:58:14.409051915Z,2022-09-07T23:58:14.409051915Z,2022-09-07T23:06:00Z,186.79575471698115,Tubing Pressure,sensors,102
,,0,2022-09-07T17:58:14.409051915Z,2022-09-07T23:58:14.409051915Z,2022-09-07T23:07:00Z,186.34136842105275,Tubing Pressure,sensors,102
,,0,2022-09-07T17:58:14.409051915Z,2022-09-07T23:58:14.409051915Z,2022-09-07T23:08:00Z,212.2153333333333,Tubing Pressure,sensors,102
,,0,2022-09-07T17:58:14.409051915Z,2022-09-07T23:58:14.409051915Z,2022-09-07T23:09:00Z,254.35526190476205,Tubing Pressure,sensors,102
,,0,2022-09-07T17:58:14.409051915Z,2022-09-07T23:58:14.409051915Z,2022-09-07T23:10:00Z,188.51783870967745,Tubing Pressure,sensors,102
,,0,2022-09-07T17:58:14.409051915Z,2022-09-07T23:58:14.409051915Z,2022-09-07T23:11:00Z,187.1338,Tubing Pressure,sensors,102
,,0,2022-09-07T17:58:14.409051915Z,2022-09-07T23:58:14.409051915Z,2022-09-07T23:12:00Z,185.88085185185193,Tubing Pressure,sensors,102
,,0,2022-09-07T17:58:14.409051915Z,2022-09-07T23:58:14.409051915Z,2022-09-07T23:13:00Z,185.61809259259266,Tubing Pressure,sensors,102
,,0,2022-09-07T17:58:14.409051915Z,2022-09-07T23:58:14.409051915Z,2022-09-07T23:14:00Z,183.30205555555554,Tubing Pressure,sensors,102
,,0,2022-09-07T17:58:14.409051915Z,2022-09-07T23:58:14.409051915Z,2022-09-07T23:15:00Z,182.4934642857143,Tubing Pressure,sensors,102
,,0,2022-09-07T17:58:14.409051915Z,2022-09-07T23:58:14.409051915Z,2022-09-07T23:16:00Z,182.12835185185182,Tubing Pressure,sensors,102
,,0,2022-09-07T17:58:14.409051915Z,2022-09-07T23:58:14.409051915Z,2022-09-07T23:17:00Z,181.39020370370366,Tubing Pressure,sensors,102
,,0,2022-09-07T17:58:14.409051915Z,2022-09-07T23:58:14.409051915Z,2022-09-07T23:18:00Z,180.1102222222223,Tubing Pressure,sensors,102
,,0,2022-09-07T17:58:14.409051915Z,2022-09-07T23:58:14.409051915Z,2022-09-07T23:19:00Z,179.05140350877187,Tubing Pressure,sensors,102
,,0,2022-09-07T17:58:14.409051915Z,2022-09-07T23:58:14.409051915Z,2022-09-07T23:20:00Z,180.78326415094335,Tubing Pressure,sensors,102
,,0,2022-09-07T17:58:14.409051915Z,2022-09-07T23:58:14.409051915Z,2022-09-07T23:21:00Z,179.04661111111105,Tubing Pressure,sensors,102
,,0,2022-09-07T17:58:14.409051915Z,2022-09-07T23:58:14.409051915Z,2022-09-07T23:22:00Z,177.18500000000006,Tubing Pressure,sensors,102
,,0,2022-09-07T17:58:14.409051915Z,2022-09-07T23:58:14.409051915Z,2022-09-07T23:23:00Z,177.70492982456142,Tubing Pressure,sensors,102
,,0,2022-09-07T17:58:14.409051915Z,2022-09-07T23:58:14.409051915Z,2022-09-07T23:24:00Z,176.84770370370376,Tubing Pressure,sensors,102
,,0,2022-09-07T17:58:14.409051915Z,2022-09-07T23:58:14.409051915Z,2022-09-07T23:25:00Z,176.50129629629626,Tubing Pressure,sensors,102
,,0,2022-09-07T17:58:14.409051915Z,2022-09-07T23:58:14.409051915Z,2022-09-07T23:26:00Z,175.81296296296293,Tubing Pressure,sensors,102
,,0,2022-09-07T17:58:14.409051915Z,2022-09-07T23:58:14.409051915Z,2022-09-07T23:27:00Z,175.97715789473676,Tubing Pressure,sensors,102
,,0,2022-09-07T17:58:14.409051915Z,2022-09-07T23:58:14.409051915Z,2022-09-07T23:28:00Z,175.53016981132083,Tubing Pressure,sensors,102
,,0,2022-09-07T17:58:14.409051915Z,2022-09-07T23:58:14.409051915Z,2022-09-07T23:29:00Z,176.93474074074075,Tubing Pressure,sensors,102
,,0,2022-09-07T17:58:14.409051915Z,2022-09-07T23:58:14.409051915Z,2022-09-07T23:30:00Z,177.82366666666675,Tubing Pressure,sensors,102
,,0,2022-09-07T17:58:14.409051915Z,2022-09-07T23:58:14.409051915Z,2022-09-07T23:31:00Z,178.02594642857153,Tubing Pressure,sensors,102
,,0,2022-09-07T17:58:14.409051915Z,2022-09-07T23:58:14.409051915Z,2022-09-07T23:32:00Z,178.39725925925924,Tubing Pressure,sensors,102
,,0,2022-09-07T17:58:14.409051915Z,2022-09-07T23:58:14.409051915Z,2022-09-07T23:33:00Z,177.5761111111112,Tubing Pressure,sensors,102
,,0,2022-09-07T17:58:14.409051915Z,2022-09-07T23:58:14.409051915Z,2022-09-07T23:34:00Z,177.24612962962968,Tubing Pressure,sensors,102
,,0,2022-09-07T17:58:14.409051915Z,2022-09-07T23:58:14.409051915Z,2022-09-07T23:35:00Z,176.47169642857142,Tubing Pressure,sensors,102
,,0,2022-09-07T17:58:14.409051915Z,2022-09-07T23:58:14.409051915Z,2022-09-07T23:36:00Z,176.43274545454537,Tubing Pressure,sensors,102
,,0,2022-09-07T17:58:14.409051915Z,2022-09-07T23:58:14.409051915Z,2022-09-07T23:37:00Z,175.4986111111111,Tubing Pressure,sensors,102
,,0,2022-09-07T17:58:14.409051915Z,2022-09-07T23:58:14.409051915Z,2022-09-07T23:38:00Z,173.930462962963,Tubing Pressure,sensors,102
,,0,2022-09-07T17:58:14.409051915Z,2022-09-07T23:58:14.409051915Z,2022-09-07T23:39:00Z,174.31359259259267,Tubing Pressure,sensors,102
,,0,2022-09-07T17:58:14.409051915Z,2022-09-07T23:58:14.409051915Z,2022-09-07T23:40:00Z,173.99112500000004,Tubing Pressure,sensors,102
,,0,2022-09-07T17:58:14.409051915Z,2022-09-07T23:58:14.409051915Z,2022-09-07T23:41:00Z,173.06800000000004,Tubing Pressure,sensors,102
,,0,2022-09-07T17:58:14.409051915Z,2022-09-07T23:58:14.409051915Z,2022-09-07T23:42:00Z,172.09711111111116,Tubing Pressure,sensors,102
,,0,2022-09-07T17:58:14.409051915Z,2022-09-07T23:58:14.409051915Z,2022-09-07T23:43:00Z,170.94087037037042,Tubing Pressure,sensors,102
,,0,2022-09-07T17:58:14.409051915Z,2022-09-07T23:58:14.409051915Z,2022-09-07T23:44:00Z,169.83403508771934,Tubing Pressure,sensors,102
,,0,2022-09-07T17:58:14.409051915Z,2022-09-07T23:58:14.409051915Z,2022-09-07T23:45:00Z,167.9077777777778,Tubing Pressure,sensors,102
,,0,2022-09-07T17:58:14.409051915Z,2022-09-07T23:58:14.409051915Z,2022-09-07T23:46:00Z,165.3287547169811,Tubing Pressure,sensors,102
,,0,2022-09-07T17:58:14.409051915Z,2022-09-07T23:58:14.409051915Z,2022-09-07T23:47:00Z,163.28622641509435,Tubing Pressure,sensors,102
,,0,2022-09-07T17:58:14.409051915Z,2022-09-07T23:58:14.409051915Z,2022-09-07T23:48:00Z,162.20629824561402,Tubing Pressure,sensors,102
,,0,2022-09-07T17:58:14.409051915Z,2022-09-07T23:58:14.409051915Z,2022-09-07T23:49:00Z,162.3739629629629,Tubing Pressure,sensors,102
,,0,2022-09-07T17:58:14.409051915Z,2022-09-07T23:58:14.409051915Z,2022-09-07T23:50:00Z,169.27642592592596,Tubing Pressure,sensors,102
,,0,2022-09-07T17:58:14.409051915Z,2022-09-07T23:58:14.409051915Z,2022-09-07T23:51:00Z,176.64150000000004,Tubing Pressure,sensors,102
,,0,2022-09-07T17:58:14.409051915Z,2022-09-07T23:58:14.409051915Z,2022-09-07T23:52:00Z,183.14564912280704,Tubing Pressure,sensors,102
,,0,2022-09-07T17:58:14.409051915Z,2022-09-07T23:58:14.409051915Z,2022-09-07T23:53:00Z,185.10500000000008,Tubing Pressure,sensors,102
,,0,2022-09-07T17:58:14.409051915Z,2022-09-07T23:58:14.409051915Z,2022-09-07T23:54:00Z,190.80940740740732,Tubing Pressure,sensors,102
,,0,2022-09-07T17:58:14.409051915Z,2022-09-07T23:58:14.409051915Z,2022-09-07T23:55:00Z,197.9813396226415,Tubing Pressure,sensors,102
,,0,2022-09-07T17:58:14.409051915Z,2022-09-07T23:58:14.409051915Z,2022-09-07T23:56:00Z,207.8268771929825,Tubing Pressure,sensors,102
,,0,2022-09-07T17:58:14.409051915Z,2022-09-07T23:58:14.409051915Z,2022-09-07T23:57:00Z,217.8502222222222,Tubing Pressure,sensors,102
,,0,2022-09-07T17:58:14.409051915Z,2022-09-07T23:58:14.409051915Z,2022-09-07T23:58:00Z,233.17962264150947,Tubing Pressure,sensors,102
,,0,2022-09-07T17:58:14.409051915Z,2022-09-07T23:58:14.409051915Z,2022-09-07T23:58:14.409051915Z,255.02720000000002,Tubing Pressure,sensors,102

